Sep07,070521,503.00,507.00,499.00,506.50,+6.75,697,"13,069",+57
Sep07,070516,519.00,521.50,517.00,519.00,-3.00,600,"12,910",+9
Sep07,070517,515.00,515.50,510.00,511.50,-7.50,373,"12,947",+37
Sep07,070518,513.00,513.00,499.50,499.75,-11.75,326,"13,012",+65
Sep07,070529,520.00,521.00,514.00,514.00,-10.25,943,"12,862",+62
Sep08,080502,880.00,894.00,880.00,894.00,+17.00,"1,030","17,147",+48
Sep08,080522,886.00,886.00,851.00,852.00,-30.00,789,"18,409",-13
Sep08,080520,884.00,892.00,881.00,882.50,+8.50,"1,428","18,579",+502
Sep08,080507,903.00,904.00,887.75,894.00,-4.00,568,"17,052",+0
Sep08,080515,865.00,872.00,855.00,872.00,+9.00,"2,599","18,023",+432
Sep08,080509,916.00,919.00,880.00,895.75,-14.25,892,"17,006",+6
Sep08,080508,895.00,918.75,890.00,910.00,+16.00,898,"17,000",-52
Sep08,080523,855.00,858.00,845.00,857.00,+5.00,"1,146","18,535",+126
Sep08,080513,888.00,890.00,878.00,886.00,-5.75,"1,390","17,359",+214
Sep08,080514,880.00,880.00,863.00,863.00,-23.00,"1,474","17,591",+232
Sep08,080523,855.00,858.00,845.00,857.00,+5.00,"1,146","18,535",+126
Sep08,080501,881.00,888.00,863.50,877.00,-3.00,"1,270","17,099",+257
Sep08,080529,859.00,864.00,843.00,854.50,-10.50,"1,127","18,330",-178
Sep08,080519,861.00,884.00,861.00,874.00,+10.00,"2,016","18,077",-189
Sep08,080527,858.00,869.00,854.00,863.00,+6.00,846,"18,520",-15
Sep08,080516,869.00,880.00,861.00,864.00,-8.00,"2,088","18,266",+243
Sep08,080530,851.50,873.00,850.00,873.00,+18.50,"1,980","18,503",+173
Sep08,080521,890.00,890.00,875.00,882.00,-0.50,781,"18,422",-157
Sep08,080505,887.00,890.00,884.00,884.00,-10.00,733,"17,004",-143
Sep08,080512,894.75,896.75,878.50,891.75,-4.00,"1,490","17,145",+139
Sep08,080506,886.50,906.00,885.00,898.00,+14.00,568,"17,052",+48
Sep08,080528,850.00,866.00,849.00,865.00,+2.00,940,"18,508",-12
Sep09,090522,721.00,744.00,721.00,741.00,+18.00,818,"9,272",+55
Sep09,090508,677.00,697.00,677.00,696.25,+16.50,465,"7,656",-2
Sep09,090518,698.50,719.75,692.25,714.25,+12.75,"1,289","8,801",+127
Sep09,090522,721.00,744.00,721.00,741.00,+18.00,818,"9,272",+55
Sep09,090506,664.25,674.00,663.75,668.25,+1.50,981,"7,679",+350
Sep09,090527,747.00,777.75,747.00,775.25,+24.50,732,"9,519",+238
Sep09,090528,770.00,793.00,764.50,768.50,-6.75,"1,045","9,796",+277
Sep09,090507,668.00,687.25,667.50,679.75,+11.50,407,"7,658",-21
Sep09,090504,668.00,675.00,652.50,659.00,-17.75,675,"7,122",-27
Sep09,090529,763.00,780.00,743.00,775.50,+7.00,"1,600","10,412",+616
Sep09,090505,660.75,670.25,658.00,666.75,+7.75,801,"7,329",+207
Sep09,090513,700.00,710.50,699.50,708.25,+8.00,838,"7,819",-12
Sep09,090515,717.00,721.00,700.25,701.50,-18.25,"1,180","8,674",+119
Sep09,090520,709.00,724.00,709.00,722.00,+10.00,,,
Sep09,090512,694.75,703.50,692.25,700.25,+5.50,746,"7,831",+94
Sep09,090514,706.50,723.25,701.25,719.75,+11.50,"1,395","8,555",+736
Sep09,090519,710.00,717.00,709.50,712.00,-2.25,"1,067","9,211",+410
Sep09,090511,686.50,695.00,685.75,694.75,-1.50,979,"7,737",+81
Sep09,090501,650.00,678.00,650.00,676.75,+27.50,888,"7,149",-172
Sep09,090526,740.00,754.00,736.75,750.75,+9.75,770,"9,281",+9
Sep09,090521,719.50,727.25,713.00,723.00,+1.00,"1,008","9,217","+9,217"
Sep10,100507,545.00,557.00,541.75,552.50,+4.25,378,"7,938",+79
Sep10,100504,546.00,555.25,540.25,554.25,+7.75,492,"7,487",+130
Sep10,100521,523.25,527.50,522.00,525.75,-0.75,486,"9,042",+116
Sep10,100524,525.75,528.25,521.50,523.00,-2.75,324,"9,052",+10
Sep10,100517,522.50,525.75,520.00,524.00,unch,458,"8,893",+148
Sep10,100527,520.00,531.00,520.00,525.75,+5.25,781,"9,569",+19
Sep10,100512,544.50,555.25,540.00,541.00,-4.00,258,"8,244",+11
Sep10,100505,552.75,556.00,547.50,555.00,+0.75,805,"7,697",+210
Sep10,100528,527.00,529.50,517.25,518.75,-7.00,386,"9,655",+86
Sep10,100513,541.00,541.25,528.25,528.75,-12.25,677,"8,664",+420
Sep10,100510,551.75,553.50,537.75,539.50,-13.00,507,"8,193",+255
Sep10,100506,553.50,554.50,542.50,548.25,-6.75,455,"7,859",+162
Sep10,100526,520.00,525.50,517.50,520.50,+5.00,338,"9,550",+2
Sep10,100519,523.00,526.75,520.75,522.75,-0.25,190,"8,823",-68
Sep10,100525,519.00,521.25,514.00,515.50,-7.50,744,"9,548",+496
Sep10,100528,527.00,529.50,517.25,518.75,-7.00,513,"9,879",+224
Sep10,100514,529.50,529.50,522.75,524.00,-4.75,364,"8,745",+81
Sep10,100520,525.50,527.50,518.50,526.50,+3.75,325,"8,926",+103
Sep10,100503,548.50,552.00,539.25,546.50,-2.75,492,"7,487",+130
Sep10,100511,539.75,547.50,535.75,545.00,+5.50,255,"8,233",+40
Sep10,100518,525.00,528.00,522.75,523.00,-1.00,413,"8,891",-2
Sep11,110505,917.50,920.50,893.75,898.50,-19.50,"1,544","16,924",+496
Sep11,110527,1022.50,1040.75,1009.50,1018.75,-3.25,"2,341","16,711",+605
Sep11,110531,1011.00,1014.75,980.00,987.75,-31.00,"3,241","17,540",+829
Sep11,110523,986.00,1000.00,970.25,987.50,+6.75,"2,578","15,907",-18
Sep11,110526,1005.00,1055.25,1004.00,1022.00,+17.25,"1,172","16,106",+15
Sep11,110527,1022.50,1040.75,1009.50,1018.75,-3.25,"2,341","16,711",+605
Sep11,110513,913.50,920.25,898.50,903.50,-3.50,"1,541","16,867",+241
Sep11,110502,952.50,969.75,931.50,933.75,-13.25,"2,304","16,282",-83
Sep11,110512,928.00,934.50,905.00,907.00,-20.75,995,"16,626",+185
Sep11,110520,988.75,996.00,969.00,980.75,-8.75,"2,661","15,925",-475
Sep11,110506,898.75,922.00,888.50,908.25,+9.75,740,"16,957",+33
Sep11,110511,959.50,964.00,924.50,927.75,-31.75,881,"16,441",-152
Sep11,110524,988.00,991.75,974.50,975.50,-12.00,"1,860","15,999",+92
Sep11,110510,944.00,977.50,944.00,959.50,+12.00,"1,509","16,593",-169
Sep11,110518,939.25,988.50,937.75,983.75,+47.00,796,"16,535",-138
Sep11,110509,917.25,954.75,917.25,947.50,+39.25,"2,119","16,762",-195
Sep11,110503,938.25,943.00,925.75,934.00,+0.25,"1,209","16,390",+108
Sep11,110516,908.00,921.50,907.00,913.50,+10.00,"1,200","16,676",-191
Sep11,110517,914.50,939.00,910.50,936.75,+23.25,832,"16,673",-3
Sep11,110519,981.75,1004.50,981.75,989.50,+5.75,"1,624","16,400",-135
Sep11,110525,976.00,1013.00,976.00,1004.75,+29.25,"1,715","16,091",+92
Sep11,110504,930.00,930.50,914.25,918.00,-16.00,997,"16,428",+38
Sep12,120515,729.00,749.00,728.75,745.00,+18.50,"2,036","10,816",+286
Sep12,120529,782.50,785.50,765.00,768.25,-14.75,905,"10,943",+20
Sep12,120502,771.75,771.75,749.00,750.75,-24.00,300,"10,819",-55
Sep12,120501,777.25,780.25,771.00,774.75,-8.00,934,"10,874",+96
Sep12,120511,731.00,735.00,725.00,726.00,-5.25,"1,076","10,454",-214
Sep12,120530,768.25,771.00,758.50,762.75,-5.50,566,"10,939",-4
Sep12,120514,726.00,733.50,725.00,726.50,+0.50,729,"10,530",+76
Sep12,120524,773.25,785.00,770.75,773.50,+0.75,673,"10,833",-93
Sep12,120521,788.00,807.00,788.00,795.00,+6.50,920,"10,920",-57
Sep12,120531,764.00,764.00,750.00,753.00,-9.75,806,"10,784",-155
Sep12,120516,744.25,763.25,743.50,755.50,+10.50,733,"10,895",+79
Sep12,120509,736.50,741.00,732.00,733.50,-2.75,743,"10,769",-7
Sep12,120510,733.00,737.50,728.75,731.25,-2.25,"1,103","10,668",-101
Sep12,120518,764.75,805.00,762.00,788.50,+24.00,727,"10,977",+62
Sep12,120525,773.00,789.50,773.00,783.00,+9.50,905,"10,943",+20
Sep12,120525,773.00,789.50,773.00,783.00,+9.50,"1,045","10,923",+90
Sep12,120522,791.00,796.25,778.25,779.25,-15.75,"1,397","10,830",-90
Sep12,120507,744.00,744.00,734.75,738.25,-6.75,"1,017","10,588",-195
Sep12,120523,780.25,783.75,761.25,772.75,-6.50,744,"10,926",+96
Sep12,120503,751.50,754.50,745.00,746.25,-4.50,863,"10,503",-316
Sep12,120517,756.00,774.25,755.25,764.50,+9.00,"1,107","10,915",+20
Sep12,120504,748.00,751.50,736.00,745.00,-1.25,"1,372","10,783",+280
Sep12,120508,740.00,747.50,733.75,736.25,-2.00,"1,284","10,776",+188
Sep13,130516,798.25,803.25,795.00,796.50,-2.00,497,"10,037",+22
Sep13,130524,805.00,806.00,798.50,799.25,-5.75,"1,070","9,282",+65
Sep13,130502,816.50,829.50,816.50,827.50,+8.50,"2,802","9,044",-56
Sep13,130514,807.50,813.25,804.25,806.50,-2.00,738,"10,002",-25
Sep13,130523,797.00,813.00,797.00,805.00,+7.75,"1,487","9,217",-312
Sep13,130528,799.25,808.00,794.00,798.25,-1.00,"1,425","9,541",+259
Sep13,130510,820.00,820.00,803.50,804.75,-16.50,"1,101","9,871",+121
Sep13,130508,806.50,812.00,800.75,810.75,+4.25,686,"9,714",+75
Sep13,130530,801.00,806.75,797.50,805.25,+0.25,"1,259","9,968",+441
Sep13,130521,795.00,801.00,790.75,797.00,-2.25,686,"9,939",-98
Sep13,130509,810.50,824.50,809.75,821.25,+10.50,"1,257","9,750",+36
Sep13,130507,804.75,810.25,800.00,806.50,+2.50,554,"9,639",+53
Sep13,130520,795.00,800.00,791.00,799.25,+4.25,"1,366","10,037",+13
Sep13,130529,799.00,807.75,798.25,805.00,+6.75,"1,296","9,527",-14
Sep13,130524,805.00,806.00,798.50,799.25,-5.75,"1,070","9,282",+65
Sep13,130513,801.00,816.75,800.50,808.50,+3.75,"1,096","10,027",+156
Sep13,130515,806.75,807.00,798.00,798.50,-8.00,568,"10,015",+13
Sep13,130501,824.00,827.50,811.00,819.00,-5.00,"1,499","9,100",+557
Sep13,130503,826.25,829.50,817.00,819.25,-8.25,"1,357","9,340",+296
Sep13,130506,815.00,816.50,803.50,804.00,-15.25,955,"9,586",+246
Sep13,130517,796.50,801.00,793.50,795.00,-1.50,551,"10,024",-13
Sep13,130522,796.25,803.00,795.75,797.25,+0.25,"1,210","9,529",-410
Sep13,130531,804.50,813.25,801.25,808.25,+3.00,"1,178","10,313",+345
Sep99,990601,324.50,329.50,323.50,328.50,+1.50,904,"6,980",+23
Sep99,990618,343.00,344.00,339.50,340.75,-0.25,"1,252","8,828",-25
Sep99,990616,345.50,347.25,344.00,344.00,-1.50,"2,172","8,634",+24
Sep99,990604,343.00,345.25,339.50,341.00,-2.00,"2,607","8,151",+179
Sep99,990614,341.00,348.00,339.25,346.75,+1.50,"2,961","8,494",+234
Sep99,990615,346.00,349.50,344.50,345.50,-1.25,"1,565","8,610",+116
Sep99,990625,348.00,350.50,345.50,348.25,+1.50,"3,844","10,667",+739
Sep99,990629,353.00,353.50,345.00,345.75,-4.00,"4,090","11,519",+636
Sep99,990609,343.50,350.25,342.75,346.50,+3.00,"1,886","8,189",-233
Sep99,990622,342.50,344.50,339.50,340.00,-1.75,"2,141","9,219",+105
Sep99,990624,342.00,347.00,340.50,346.75,+3.50,"2,922","9,928",+607
Sep99,990602,330.50,336.50,329.00,336.25,+7.75,"1,831","7,277",+297
Sep99,990630,342.00,343.50,338.00,341.75,-4.00,"4,107","12,025",+506
Sep99,990617,346.00,346.50,340.50,341.00,-3.00,943,"8,853",+219
Sep99,990623,340.00,343.50,339.50,343.25,+3.25,"2,583","9,321",+102
Sep99,990608,344.00,346.00,342.50,343.50,-2.00,"1,649","8,422",+129
Sep99,990611,352.50,356.75,345.00,345.25,-7.00,"2,054","8,260",-666
Sep99,990628,349.50,355.00,349.00,349.75,+1.50,"4,552","10,883",+216
Sep99,990610,348.00,354.00,347.50,352.25,+5.75,"3,968","8,926",+737
Sep99,990607,346.00,349.00,345.00,345.50,+4.50,"1,835","8,293",+142
Sep99,990621,341.00,343.25,340.00,341.75,+1.00,"1,488","9,114",+286
Sep00,000623,342.00,342.00,337.50,337.75,-5.00,"1,955","8,520",+101
Sep00,000612,332.00,333.50,330.75,332.25,-3.00,642,"6,607",-191
Sep00,000629,335.50,336.50,333.00,333.50,-0.50,"2,793","9,306",+200
Sep00,000621,337.00,344.00,337.00,341.25,+4.75,"1,814","7,918",+641
Sep00,000607,334.00,334.50,330.00,334.00,-1.00,867,"6,083",+0
Sep00,000605,336.00,336.50,331.50,333.50,-3.25,855,"5,932",-15
Sep00,000616,333.00,334.50,331.50,331.50,unch,"1,359","7,318",-69
Sep00,000630,328.00,330.00,325.50,329.00,-4.50,"3,018","9,571",+265
Sep00,000609,333.50,335.75,332.50,335.25,+1.75,"1,568","6,798",+346
Sep00,000601,339.00,339.50,334.00,334.00,-4.25,"1,140","5,846",-69
Sep00,000622,342.50,343.25,341.00,342.75,+1.50,"4,092","8,419",+501
Sep00,000628,336.50,336.75,333.50,334.00,-4.00,"1,607","9,106",+362
Sep00,000620,333.50,339.50,332.50,336.50,+3.50,"1,715","7,277",+59
Sep00,000626,337.00,339.50,337.00,338.50,+0.75,"1,449","8,479",-41
Sep00,000615,332.50,333.00,331.00,331.50,+0.25,"1,278","7,387",+388
Sep00,000614,331.00,332.50,329.50,331.25,-0.25,936,"6,999",+152
Sep00,000602,334.00,337.00,333.00,336.75,+2.75,831,"5,947",+101
Sep00,000606,334.50,335.50,332.00,335.00,+1.50,867,"6,083",+151
Sep00,000608,334.50,335.25,333.25,333.50,-0.50,818,"6,452",+369
Sep00,000619,332.00,333.25,330.50,333.00,+1.50,"1,343","7,218",-100
Sep00,000613,332.50,334.25,330.50,331.50,-0.75,799,"6,847",+240
Sep00,000627,340.00,340.50,337.00,338.00,-0.50,"1,571","8,744",+265
Sep01,010607,331.50,335.00,331.50,333.25,+2.25,944,"6,011",+244
Sep01,010615,328.50,328.50,324.00,324.25,-5.50,"1,392","6,536",+463
Sep01,010621,323.00,325.50,322.50,323.00,-1.75,"1,781","7,744",+382
Sep01,010619,327.00,328.75,324.50,327.75,+0.75,"2,004","7,213",+551
Sep01,010614,329.50,330.50,328.25,329.75,-1.25,769,"6,073",+351
Sep01,010627,315.00,316.00,314.00,314.50,unch,"4,693","9,867","+1,620"
Sep01,010611,334.00,335.00,331.50,333.25,unch,230,"5,605",-505
Sep01,010622,323.00,323.25,318.75,319.25,-3.75,"1,716","8,027",+283
Sep01,010608,333.00,334.25,332.50,333.25,unch,659,"6,110",+99
Sep01,010606,329.00,332.75,328.50,331.00,+1.00,995,"5,767",+191
Sep01,010620,327.50,328.00,324.50,324.75,-3.00,682,"7,362",+149
Sep01,010613,333.00,333.25,329.50,331.00,-1.50,296,"5,722",-13
Sep01,010612,334.50,335.00,331.25,332.50,-0.75,638,"5,735",+130
Sep01,010629,316.00,317.00,312.50,316.25,+3.50,"5,031","15,499","+2,707"
Sep01,010618,324.25,327.25,323.00,327.00,+2.75,980,"6,662",+126
Sep01,010628,315.00,316.00,312.50,312.75,-1.75,"6,051","12,792","+2,925"
Sep01,010605,334.50,335.25,329.75,330.00,-4.25,802,"5,576",+76
Sep01,010625,318.75,318.75,311.00,311.50,-7.75,"1,540","8,565",+538
Sep01,010626,312.50,315.00,312.00,314.50,+3.00,"2,599","8,247",-318
Sep02,020619,302.00,303.50,301.00,302.25,+1.00,"1,393","6,256",+445
Sep02,020614,307.50,309.25,305.75,306.50,-1.25,"1,371","5,845",+389
Sep02,020621,305.50,307.00,303.25,305.75,+0.25,"5,097","8,200","+1,416"
Sep02,020613,304.75,309.00,302.75,307.75,+3.50,"1,107","5,456",+171
Sep02,020618,302.50,303.75,301.00,301.25,-0.75,674,"5,811",-614
Sep02,020611,303.75,303.75,301.00,302.25,-0.25,540,"5,352",+158
Sep02,020610,301.50,303.25,301.00,302.50,-0.75,"1,280","5,194",-313
Sep02,020624,308.50,312.50,307.00,310.00,+4.25,"2,961","8,412",+212
Sep02,020628,330.00,333.00,326.00,330.75,-3.25,"6,843","11,104","+1,033"
Sep02,020625,309.25,317.00,307.50,315.25,+5.25,"3,602","9,585","+1,173"
Sep02,020606,308.75,310.50,307.00,307.00,-1.50,"1,187","5,606",+110
Sep02,020605,308.50,309.50,306.00,308.50,+2.00,885,"5,496",+133
Sep02,020603,305.00,314.00,304.50,310.00,+3.75,933,"5,206",+138
Sep02,020607,306.00,306.00,302.50,303.25,-3.75,909,"5,507",-99
Sep02,020617,306.25,306.25,302.00,302.00,-4.50,"1,434","6,425",+580
Sep02,020604,311.00,312.00,306.25,306.50,-3.50,"1,408","5,363",+157
Sep02,020627,318.00,336.00,316.25,334.00,+17.00,"4,483","10,071",+343
Sep02,020612,304.75,305.50,301.50,304.25,+2.00,"1,224","5,285",-67
Sep02,020620,303.50,306.00,303.00,305.50,+3.25,"1,815","6,784",+528
Sep02,020626,311.00,318.00,311.00,317.00,+1.75,"3,428","9,728",+143
Sep03,030604,352.25,353.50,348.00,348.75,-4.00,"1,032","5,617",+250
Sep03,030620,343.00,343.50,340.50,341.75,-2.75,"1,149","8,165",+641
Sep03,030609,351.50,355.50,351.00,354.50,+2.25,"1,219","6,492",+380
Sep03,030627,334.00,335.50,330.00,330.25,-4.25,"2,927","8,763",+154
Sep03,030626,338.25,338.75,334.50,334.50,-3.75,"1,964","8,609",+167
Sep03,030623,340.50,340.75,338.50,339.50,-2.25,"1,831","8,322",+157
Sep03,030618,342.75,345.25,342.00,344.00,+1.25,"2,429","7,390",+554
Sep03,030616,345.25,346.25,341.50,342.50,-2.75,"1,382","6,868",+236
Sep03,030603,354.00,354.25,352.50,352.75,-1.25,485,"5,367",+171
Sep03,030605,348.00,352.00,346.00,350.75,+2.00,"1,337","5,848",+231
Sep03,030606,351.50,354.25,349.50,352.25,+1.50,"1,943","6,112",+264
Sep03,030612,352.00,356.00,352.00,355.00,+3.75,946,"6,605",+156
Sep03,030625,338.00,339.00,336.50,338.25,+1.00,"1,875","8,442",+135
Sep03,030617,342.50,343.75,339.50,342.75,+0.25,"1,382","6,868",+0
Sep03,030613,355.00,355.00,345.00,345.25,-9.75,"1,221","6,632",+27
Sep03,030630,333.00,337.50,332.50,336.75,+6.50,"3,076","9,548",+785
Sep03,030619,344.50,345.50,343.00,344.50,+0.50,916,"7,524",+134
Sep03,030602,357.00,359.50,353.25,354.00,-4.50,661,"5,196",-3
Sep03,030611,352.00,355.00,351.00,351.25,-4.25,"1,184","6,449",+84
Sep03,030624,338.00,340.25,337.00,337.25,-2.25,"1,826","8,307",-15
Sep03,030610,354.50,361.25,354.50,355.50,+1.00,719,"6,365",-127
Sep04,040615,404.00,405.00,400.00,403.00,-1.50,711,"10,826",-2
Sep04,040628,398.00,398.25,395.25,397.50,-1.25,"2,257","11,783",-972
Sep04,040616,405.00,407.00,402.00,402.25,-0.75,"1,619","11,138",+312
Sep04,040610,406.00,406.50,402.00,403.50,-5.50,"1,562","10,192",+7
Sep04,040622,405.50,405.50,400.00,400.25,-6.00,"1,241","11,410",+40
Sep04,040608,409.50,411.00,407.00,409.50,-1.00,"1,921","9,370",+500
Sep04,040607,408.50,411.00,406.25,410.50,-4.00,559,"8,870",+170
Sep04,040624,403.25,403.50,398.00,398.75,-3.75,"2,188","11,936",+11
Sep04,040602,424.00,424.00,415.00,416.00,-10.00,"1,098","8,327",-95
Sep04,040618,405.00,406.00,403.00,405.00,+0.25,"1,082","11,174",+59
Sep04,040609,408.00,410.00,406.00,409.00,-0.50,"1,592","10,185",+815
Sep04,040623,400.75,403.00,399.50,402.50,+2.25,"3,963","11,925",+515
Sep04,040603,412.00,415.00,410.00,412.00,-4.00,"1,020","8,616",+289
Sep04,040601,415.00,432.00,415.00,426.00,+19.50,"1,109","8,422",-11
Sep04,040629,398.50,399.75,396.00,398.75,+1.25,"2,793","11,888",+105
Sep04,040625,398.75,401.50,398.25,398.75,unch,"3,286","12,755",+819
Sep04,040630,396.00,396.00,384.00,388.50,-10.25,"2,373","12,793",+905
Sep04,040614,402.50,408.25,402.50,404.50,+1.00,"2,442","10,828",+636
Sep04,040617,404.00,405.00,402.00,404.75,+2.50,"2,266","11,115",-23
Sep04,040621,403.50,409.00,403.50,406.25,+1.25,"1,590","11,370",+196
Sep04,040610,406.00,406.50,402.00,403.50,-5.50,"1,562","10,192",+7
Sep04,040604,414.50,415.00,412.25,414.50,+2.50,"1,214","8,700",+84
Sep05,050615,344.00,348.50,343.75,346.75,+4.25,"2,399","10,841",+94
Sep05,050617,347.50,353.00,347.00,351.50,+6.75,"2,685","11,472",+15
Sep05,050602,352.00,352.00,346.00,346.50,-8.50,"1,308","9,232",-220
Sep05,050622,363.00,364.50,360.00,361.50,+1.25,"3,054","12,470",+593
Sep05,050628,354.00,356.50,353.00,354.25,-1.75,"2,931","12,655",+414
Sep05,050606,350.00,350.25,345.00,345.00,-1.50,"1,461","9,468",+174
Sep05,050620,357.00,365.00,357.00,361.50,+10.00,"2,224","11,591",+119
Sep05,050627,361.00,362.00,353.00,356.00,-8.75,"2,184","12,241",-161
Sep05,050623,361.50,364.25,359.00,359.75,-1.75,"1,853","12,242",-228
Sep05,050613,342.50,346.50,342.50,344.00,+2.50,"2,768","10,792",+807
Sep05,050603,345.50,348.00,345.50,346.50,unch,"1,525","9,294",+62
Sep05,050624,362.00,365.00,362.00,364.75,+5.00,"2,179","12,402",+160
Sep05,050601,355.00,357.00,354.00,355.00,-1.25,981,"9,452",-231
Sep05,050629,356.00,357.75,351.00,352.75,-1.50,"3,002","13,086",+431
Sep05,050607,344.00,344.75,341.50,342.00,-3.00,961,"9,514",+46
Sep05,050609,338.00,341.00,337.75,340.25,+1.75,"1,452","9,506",+236
Sep05,050608,340.00,340.50,338.00,338.50,-3.50,"1,003","9,270",-244
Sep05,050610,342.00,343.50,341.00,341.50,+1.25,"2,422","9,985",+479
Sep05,050616,348.75,349.25,344.50,344.75,-2.00,"3,831","11,457",+616
Sep05,050621,358.00,368.00,357.00,360.25,-1.25,"5,179","11,877",+286
Sep05,050614,341.00,343.25,340.00,342.50,-1.50,"2,733","10,747",-45
Sep05,050630,351.00,353.00,345.00,347.00,-5.75,"3,067","13,492",+406
Sep06,060630,492.00,495.50,488.00,493.00,+5.50,"4,142","19,684",+202
Sep06,060606,471.00,471.00,459.00,459.00,-14.75,317,"13,387",-47
Sep06,060619,440.00,444.75,438.50,442.75,unch,"2,237","14,026",+96
Sep06,060615,444.00,447.00,440.25,445.25,+2.25,"2,462","13,968",+119
Sep06,060627,477.00,486.00,477.00,484.50,+9.75,"4,229","18,373","+1,638"
Sep06,060602,472.00,477.00,471.50,477.00,+8.00,975,"13,932",+399
Sep06,060607,460.50,466.50,455.00,466.50,+7.50,548,"13,532",+145
Sep06,060612,460.50,463.00,457.00,459.25,+3.50,"1,636","13,647",+276
Sep06,060616,446.00,447.50,440.00,442.75,-2.50,"2,752","13,930",-38
Sep06,060601,467.50,471.00,464.50,469.00,-0.50,"1,167","13,533",+339
Sep06,060613,457.50,459.50,453.00,454.50,-4.75,"1,245","13,785",+138
Sep06,060621,459.50,465.00,457.00,464.25,+10.75,"6,410","14,109",+367
Sep06,060620,446.00,455.00,445.50,453.50,+10.75,"2,744","13,742",-284
Sep06,060626,458.00,475.00,458.00,474.75,+13.50,"4,161","16,735",+926
Sep06,060629,484.00,490.00,484.00,487.50,+5.50,"2,648","19,482",+548
Sep06,060622,468.00,468.00,461.00,462.00,-2.25,"3,906","15,218","+1,109"
Sep06,060628,485.00,486.50,476.00,482.00,-2.50,"3,994","18,934",+561
Sep06,060623,465.00,466.00,460.00,461.25,-0.75,"3,957","15,809",+591
Sep06,060609,469.00,470.00,453.50,455.75,-7.75,"1,513","13,371",-309
Sep06,060608,465.50,465.50,458.00,463.50,-3.00,"1,099","13,680",+148
Sep06,060605,475.00,478.00,472.00,473.75,-3.25,"1,107","13,434",-498
Sep06,060614,455.25,456.00,440.00,443.00,-11.50,"1,083","13,849",+64
Sep07,070613,571.00,595.00,569.50,593.00,+20.00,"2,275","13,779",-104
Sep07,070604,542.00,549.00,538.00,538.25,-3.50,"2,774","12,764",+0
Sep07,070621,605.00,612.00,596.00,607.00,+10.50,"3,957","17,208",+790
Sep07,070606,542.00,542.00,529.50,532.50,-9.00,947,"13,416",+176
Sep07,070612,565.00,581.00,564.00,573.00,+8.25,"2,486","13,883",+544
Sep07,070625,593.00,601.50,592.50,593.50,-3.00,"4,468","19,263",+910
Sep07,070601,535.50,545.00,535.50,541.75,+0.75,"2,774","12,764",-444
Sep07,070605,543.00,548.25,539.50,541.50,+3.25,"1,357","13,240",+476
Sep07,070629,652.00,652.00,613.00,624.25,+2.25,"4,327","22,522",+361
Sep07,070627,617.00,628.00,608.50,615.75,+3.25,"5,380","21,449",+829
Sep07,070628,623.00,625.75,618.00,622.00,+6.25,"5,655","22,161",+712
Sep07,070620,582.00,607.00,582.00,596.50,+14.50,"3,457","16,418",+321
Sep07,070614,600.00,606.00,591.00,600.00,+7.00,"3,721","14,502",+723
Sep07,070607,529.50,539.75,527.00,537.75,+5.25,"1,098","13,147",-269
Sep07,070611,541.00,571.75,541.00,564.75,+23.00,"2,536","13,339",+192
Sep07,070622,601.00,604.00,592.00,596.50,-10.50,"4,991","18,353","+1,145"
Sep07,070618,593.00,596.00,589.50,595.00,unch,"2,658","15,415",+913
Sep07,070608,537.50,542.00,530.00,541.75,+4.00,"1,098","13,147",+0
Sep07,070619,585.00,592.00,579.00,582.00,-13.00,"1,918","16,097",+682
Sep07,070615,600.00,602.75,593.00,595.00,-5.00,"3,721","14,502",+0
Sep07,070626,594.00,623.50,593.75,612.50,+19.00,"3,548","20,620","+1,357"
Sep08,080624,964.00,974.00,962.00,967.75,+3.75,"1,785","16,641",+1
Sep08,080618,997.00,1006.00,984.00,998.00,+4.25,"1,104","16,504",-479
Sep08,080603,880.00,883.00,855.00,855.00,-31.00,"1,356","18,625",+76
Sep08,080604,860.00,867.00,847.00,850.00,-5.00,"1,681","18,194",-431
Sep08,080619,988.00,997.00,977.00,982.00,-16.00,"2,318","16,721",+217
Sep08,080623,955.00,967.00,950.00,964.00,-6.00,"1,514","16,640",-143
Sep08,080605,856.00,877.00,856.00,877.00,+27.00,"2,741","18,308",+114
Sep08,080606,883.00,917.00,883.00,912.00,+35.00,"2,741","18,308",+0
Sep08,080616,990.25,1003.00,970.00,970.25,-6.75,"2,891","16,983",+51
Sep08,080611,910.00,963.00,910.00,961.00,+58.00,"1,509","16,983",-114
Sep08,080630,995.00,998.00,950.00,950.50,-51.75,"2,586","16,734",+139
Sep08,080626,990.00,1035.00,990.00,1019.75,+27.00,"1,373","17,186",+0
Sep08,080620,981.00,991.25,964.75,970.00,-12.00,"2,318","16,721",+0
Sep08,080610,902.00,906.00,893.00,903.00,+6.00,"3,215","17,097",-578
Sep08,080613,935.00,978.00,930.00,977.00,+33.00,"2,368","16,932",+41
Sep08,080602,867.00,895.00,867.00,886.00,+13.00,"1,435","18,549",+46
Sep08,080609,935.00,940.00,896.00,897.00,-15.00,"2,098","17,675",-633
Sep08,080625,970.00,998.00,966.25,992.75,+25.00,"1,373","17,186",+545
Sep08,080617,967.00,994.00,965.00,993.75,+23.50,"2,891","16,983",+0
Sep08,080627,1014.00,1037.00,1000.00,1002.25,-17.50,"1,697","16,595",-591
Sep08,080612,958.00,963.00,935.00,944.00,-17.00,"2,913","16,891",-92
Sep09,090630,655.75,660.75,625.50,633.75,-22.75,"2,108","12,759",+272
Sep09,090623,689.75,697.50,687.00,693.25,+3.50,"2,216","12,848",+287
Sep09,090629,667.00,671.75,655.25,656.50,-10.75,"1,939","12,487",+319
Sep09,090610,739.75,744.00,720.50,723.25,-17.00,"1,288","10,311",+92
Sep09,090612,727.00,731.25,714.00,726.25,-2.00,"1,270","10,536",+1
Sep09,090604,739.00,775.00,739.00,763.00,+24.00,"1,651","10,579",+7
Sep09,090611,723.25,732.25,723.25,728.25,+5.00,"1,896","10,535",+224
Sep09,090626,673.00,673.75,667.00,667.25,-5.75,"1,453","12,168",-324
Sep09,090619,703.00,706.25,695.25,695.75,-7.00,"1,621","12,065",+147
Sep09,090609,721.75,743.00,721.75,740.25,+20.25,"1,137","10,219",-114
Sep09,090616,717.00,725.25,701.50,706.00,-10.75,"2,237","12,462","+1,037"
Sep09,090605,760.00,764.00,745.00,746.25,-16.75,"1,361","10,469",-110
Sep09,090615,727.25,727.25,714.25,716.75,-9.50,"1,869","11,425",+889
Sep09,090603,794.00,795.25,739.00,739.00,-60.00,"1,349","10,572",-74
Sep09,090622,695.75,695.75,684.75,689.75,-6.00,"2,951","12,561",+496
Sep09,090601,773.75,802.25,773.75,800.25,+24.75,"2,242","10,501",+89
Sep09,090624,693.50,697.25,682.50,686.75,-6.50,"2,327","12,674",-174
Sep09,090625,686.00,686.75,672.75,673.00,-13.75,"1,872","12,492",-182
Sep09,090617,706.25,708.75,698.00,706.75,+0.75,"1,290","11,987",-475
Sep09,090618,707.50,708.75,698.50,702.75,-4.00,"1,884","11,918",-69
Sep09,090608,739.50,740.00,719.75,720.00,-26.25,"1,296","10,333",-136
Sep09,090602,791.75,800.00,786.00,799.00,-1.25,"1,680","10,646",+145
Sep10,100609,500.00,504.75,497.00,498.25,-2.25,"1,306","10,223",+197
Sep10,100604,510.25,512.00,503.50,505.00,-4.75,"1,891","10,528",+416
Sep10,100610,498.25,506.25,497.50,502.00,+3.75,"1,400","10,482",+259
Sep10,100615,533.25,537.00,528.50,533.50,unch,"3,469","12,706",+959
Sep10,100601,515.50,524.25,512.00,514.50,-4.25,513,"9,879",+224
Sep10,100625,536.25,537.25,522.25,523.75,-12.50,"2,619","14,593",+258
Sep10,100608,498.75,504.75,498.75,500.50,+1.75,"1,629","10,026",-359
Sep10,100630,504.25,534.00,504.25,512.25,+7.50,"4,959","16,460","+1,202"
Sep10,100629,513.50,513.50,503.50,504.75,-8.75,"4,573","15,258",+309
Sep10,100624,542.50,545.00,535.00,536.25,-7.00,"2,244","14,335",+145
Sep10,100618,547.50,559.50,547.00,549.75,unch,"2,618","14,089",+175
Sep10,100614,513.25,537.00,513.25,533.50,+21.25,"1,507","11,747",+537
Sep10,100617,543.00,550.00,540.00,549.75,+6.75,"3,636","13,914",+478
Sep10,100616,533.00,551.00,533.00,543.00,+9.50,"4,869","13,436",+730
Sep10,100611,502.00,525.50,497.00,512.25,+10.25,"2,002","11,210",+728
Sep10,100628,521.75,522.75,511.75,513.50,-10.25,"2,983","14,949",+356
Sep10,100602,515.00,519.50,509.25,510.00,-4.50,580,"9,997",+118
Sep10,100623,544.00,552.00,541.50,543.25,-2.25,"3,037","14,190",+24
Sep10,100621,549.00,557.50,544.25,552.25,+2.50,"2,234","13,854",-235
Sep10,100607,506.00,506.25,498.25,498.75,-6.25,"1,000","10,385",-143
Sep10,100603,510.25,517.75,508.25,509.75,-0.25,927,"10,112",+115
Sep10,100622,550.00,550.75,544.25,545.50,-6.75,"2,367","14,166",+312
Sep11,110603,989.25,1006.75,980.00,993.50,+6.25,"4,341","19,176","+1,004"
Sep11,110622,887.25,888.50,832.50,851.50,-33.75,"2,106","23,304",+539
Sep11,110617,881.25,894.00,871.00,881.75,+4.00,"3,835","22,767",+2
Sep11,110623,851.50,854.25,819.75,835.50,-16.00,"1,527","23,296",-8
Sep11,110609,975.00,1001.00,959.00,964.50,-10.75,"5,931","20,524",+902
Sep11,110610,964.50,968.00,943.25,948.75,-15.75,"6,139","22,088","+1,564"
Sep11,110621,879.25,894.25,877.00,885.25,+6.25,"3,084","22,765",+225
Sep11,110624,840.00,846.50,816.50,818.50,-17.00,"4,800","23,696",+400
Sep11,110601,986.00,997.00,971.50,975.25,-12.50,"3,281","18,055",+515
Sep11,110629,839.00,860.25,834.00,849.50,+16.50,"3,288","23,249",-148
Sep11,110630,850.25,853.00,789.50,795.00,-54.50,"3,899","24,220",+971
Sep11,110615,918.00,924.00,888.75,896.00,-22.00,"1,913","22,818",+59
Sep11,110608,950.50,982.50,938.00,975.25,+24.75,"3,644","19,622",-116
Sep11,110620,881.25,895.00,875.00,879.00,-2.75,"3,950","22,540",-227
Sep11,110616,897.00,902.00,875.00,877.75,-18.25,"1,955","22,765",-53
Sep11,110602,979.00,992.50,975.50,987.25,+12.00,"2,938","18,172",+0
Sep11,110628,806.25,837.50,806.00,833.00,+30.25,"4,059","23,397",+23
Sep11,110627,821.00,821.00,800.25,802.75,-15.75,"5,570","23,374",-322
Sep11,110607,963.00,965.25,943.00,950.50,-12.25,"3,597","19,738",+279
Sep11,110606,994.00,1000.00,957.25,962.75,-30.75,"3,522","19,459",+283
Sep11,110613,950.50,955.00,927.25,935.25,-13.50,"4,084","22,548",+460
Sep11,110614,936.00,939.50,911.00,918.00,-17.25,"2,464","22,759",+211
Sep12,120608,757.75,765.00,753.75,760.50,-1.25,"1,265","11,374",+234
Sep12,120629,831.00,850.25,831.00,844.50,+9.75,"4,182","15,636",+399
Sep12,120621,780.00,797.00,766.50,769.75,-14.00,"2,644","16,022",+2
Sep12,120622,767.25,792.25,766.00,778.50,+8.75,"1,586","15,586",-436
Sep12,120619,752.00,769.50,750.00,764.50,+12.25,"1,923","15,372",+179
Sep12,120601,753.50,755.00,740.00,741.00,-12.00,518,"10,708",-76
Sep12,120615,752.00,754.00,740.00,740.50,-14.25,"2,737","14,440",+906
Sep12,120620,764.50,785.00,756.50,783.75,+19.25,"1,639","16,020",+648
Sep12,120613,746.75,753.25,743.25,745.00,-1.50,"1,702","12,957",+420
Sep12,120604,742.00,759.00,739.75,743.50,+2.50,"1,107","10,819",+111
Sep12,120628,835.00,844.50,830.25,834.75,-0.50,"4,905","15,237",-220
Sep12,120614,745.00,756.50,736.00,754.75,+9.75,"2,158","13,534",+577
Sep12,120607,745.00,763.50,742.75,761.75,+19.25,"1,093","11,140",+97
Sep12,120606,732.75,744.75,730.00,742.50,+12.50,707,"11,043",+39
Sep12,120618,740.00,758.50,740.00,752.25,+11.75,"2,657","15,193",+753
Sep12,120627,823.00,850.00,821.25,835.25,+8.75,"2,889","15,457",+92
Sep12,120605,746.50,751.75,728.25,730.00,-13.50,"1,102","11,004",+185
Sep12,120612,762.50,773.00,745.00,746.50,-16.00,"1,644","12,537",+674
Sep12,120625,781.75,822.00,781.75,816.00,+37.50,"3,483","15,717",+131
Sep12,120626,816.00,830.75,810.50,826.50,+10.50,"2,433","15,365",-352
Sep12,120611,758.75,770.75,758.25,762.50,+2.00,"1,317","11,863",+489
Sep13,130612,800.00,800.00,789.25,790.00,-10.00,"2,360","11,563",+148
Sep13,130621,794.00,798.00,791.00,791.50,-2.50,"2,782","15,604",+804
Sep13,130603,805.25,817.50,800.75,812.50,+4.25,"1,471","10,530",+217
Sep13,130617,784.25,790.75,780.50,781.50,-3.75,"3,868","13,155",+817
Sep13,130618,781.00,787.75,779.75,780.25,-1.25,"3,005","13,353",+198
Sep13,130628,782.00,786.50,774.00,775.00,-8.00,"3,423","18,419",+577
Sep13,130626,783.25,787.50,781.00,782.50,+0.25,"3,381","17,187",+774
Sep13,130611,799.25,803.50,795.75,800.00,+1.50,"1,696","11,415",+24
Sep13,130620,794.00,798.75,790.00,794.00,-0.75,"2,797","14,800",+446
Sep13,130625,785.00,792.00,780.50,782.25,-3.00,"3,060","16,413",+130
Sep13,130627,780.50,789.50,780.50,783.00,+0.50,"3,687","17,842",+655
Sep13,130610,805.00,805.25,797.75,798.50,-6.50,"1,582","11,391",+22
Sep13,130607,805.00,812.50,804.25,805.00,unch,"1,432","11,369",+212
Sep13,130619,780.50,799.75,779.25,794.75,+14.50,"2,538","14,354","+1,001"
Sep13,130624,791.00,791.25,784.00,785.25,-6.25,"3,212","16,283",+679
Sep13,130614,795.00,795.00,783.75,785.25,-9.75,"3,432","12,338",+223
Sep13,130613,788.25,799.50,788.00,795.00,+5.00,"2,071","12,115",+552
Sep13,130604,813.00,816.75,808.50,810.25,-2.25,"1,482","10,853",+323
Sep13,130606,803.75,808.00,802.00,805.00,+0.50,"1,722","11,157",+332
Sep13,130605,810.25,811.25,802.00,804.50,-5.75,"1,016","10,825",-28
Sep99,990722,331.00,333.00,325.50,329.00,+0.25,"2,571","12,344",+212
Sep99,990727,334.50,334.50,328.50,332.00,-3.50,"2,571","11,995",-579
Sep99,990702,336.00,336.00,331.25,332.25,-3.25,"2,915","12,234",+298
Sep99,990709,329.50,331.25,327.25,327.75,-2.25,"2,778","12,321",-190
Sep99,990726,337.00,337.00,333.00,335.50,-6.75,"3,598","12,574",+306
Sep99,990708,332.00,333.25,329.75,330.00,-1.00,"2,707","12,511",+536
Sep99,990715,328.00,331.50,328.00,329.00,+3.00,"3,608","12,443",+262
Sep99,990720,327.50,330.00,324.00,324.50,-3.25,"2,277","11,955",-250
Sep99,990721,324.50,329.25,324.00,328.75,+4.25,"2,894","12,132",+177
Sep99,990723,335.00,343.00,332.50,342.25,+13.25,"2,669","12,268",-76
Sep99,990713,324.50,326.25,323.25,323.50,-2.75,"2,537","12,055",+126
Sep99,990728,333.00,335.50,326.75,328.00,-4.00,"2,183","11,815",-180
Sep99,990706,327.00,330.25,326.00,329.25,-3.00,"3,620","11,810",-424
Sep99,990707,329.50,331.25,326.00,331.00,+1.75,"2,678","11,975",+165
Sep99,990712,326.00,330.00,325.00,326.25,-1.50,"2,523","11,929",-392
Sep99,990716,327.00,328.00,324.75,327.75,-1.25,"2,981","12,444",+1
Sep99,990714,324.00,328.00,323.00,326.00,+2.50,"3,027","12,181",+126
Sep99,990701,340.00,340.00,335.50,335.50,-6.25,"5,334","11,936",-89
Sep99,990702,336.00,336.00,331.25,332.25,-3.25,"2,915","12,234",+298
Sep99,990730,325.00,329.00,325.00,327.25,+2.00,"2,907","11,692",+344
Sep99,990729,326.50,328.25,323.50,325.25,-2.75,"3,638","11,348",-467
Sep99,990719,331.00,333.00,327.00,327.75,unch,"1,608","12,205",-239
Sep00,000719,302.00,305.75,302.00,305.50,+2.25,"2,430","10,711",+224
Sep00,000725,301.00,302.25,298.00,300.50,-1.50,"2,018","10,202",-468
Sep00,000718,305.00,306.50,302.50,303.25,-1.25,"1,449","10,487",+356
Sep00,000710,313.00,318.00,312.00,317.50,+1.50,997,"9,804",+92
Sep00,000726,301.00,302.00,298.50,299.75,-0.75,"2,005","10,463",+261
Sep00,000717,306.00,306.75,304.00,304.50,-4.75,"1,416","10,131",-10
Sep00,000707,318.00,319.50,315.50,316.00,-1.25,"2,311","9,712","+9,712"
Sep00,000712,313.00,313.00,308.50,312.00,-3.50,"1,666","10,228",-240
Sep00,000724,305.25,306.50,300.50,302.00,-2.75,"1,686","10,670",-310
Sep00,000703,327.00,327.00,320.50,324.75,-4.25,"4,973","9,387",-184
Sep00,000713,313.00,313.75,311.50,312.50,+0.50,"2,779","10,034",-194
Sep00,000711,318.00,318.50,315.50,315.50,-2.00,"2,748","10,468",+664
Sep00,000706,321.00,321.50,315.50,317.25,-3.50,,,
Sep00,000714,311.50,311.50,307.50,309.25,-3.25,"1,277","10,141",+107
Sep00,000721,305.50,306.25,303.50,304.75,-1.00,"1,911","10,980",+163
Sep00,000731,298.00,298.50,297.00,297.75,-2.00,"2,372","10,028",-32
Sep00,000705,325.00,326.00,319.50,320.75,-4.00,"4,211","9,594",+207
Sep00,000728,300.00,302.75,299.50,299.75,-0.50,907,"10,060",-592
Sep00,000727,300.50,301.50,298.50,300.25,+0.50,"2,121","10,652",+189
Sep00,000720,306.50,307.00,305.50,305.75,+0.25,"3,019","10,817",+106
Sep00,000703,327.00,327.00,320.50,324.75,-4.25,"4,973","9,387",-184
Sep01,010702,315.00,320.50,314.25,319.50,+3.25,"3,642","15,570",+71
Sep01,010709,324.00,325.50,322.25,323.75,-1.25,"2,068","16,559",+339
Sep01,010703,319.00,322.75,317.75,321.25,+1.75,"2,559","15,624",+54
Sep01,010706,325.50,328.50,324.50,325.00,+0.75,"2,149","16,220","+1,089"
Sep01,010717,332.00,335.50,329.00,329.75,+4.00,"1,849","14,432",-766
Sep01,010718,325.00,332.00,325.00,328.00,-1.75,"3,486","13,350","-1,082"
Sep01,010724,326.00,326.25,322.50,325.25,+1.50,"1,577","13,244",-380
Sep01,010725,326.00,330.00,325.00,329.25,+4.00,"1,590","13,256",+12
Sep01,010727,327.50,328.50,324.50,324.50,-3.50,"3,179","12,836",-265
Sep01,010723,320.00,324.00,317.75,323.75,+2.25,"3,055","13,624",+159
Sep01,010720,325.50,325.50,321.00,321.50,-5.75,"1,788","13,465",-98
Sep01,010713,333.00,333.25,330.50,331.25,-4.50,"5,219","16,182",-182
Sep01,010711,328.50,332.00,322.00,323.25,-2.50,"1,838","15,832",-71
Sep01,010731,318.00,322.00,317.00,319.75,+0.25,"1,810","11,956",-318
Sep01,010716,328.00,328.50,323.50,325.75,-5.50,"2,104","15,198",-984
Sep01,010705,321.00,325.00,320.50,324.25,+3.00,"2,400","15,131",-493
Sep01,010719,329.00,331.00,325.50,327.25,-0.75,"2,311","13,563",+213
Sep01,010726,332.00,333.00,327.50,328.00,-1.25,"2,736","13,101",-155
Sep01,010712,324.50,338.00,323.50,335.75,+12.50,"3,852","16,364",+532
Sep01,010730,324.00,324.00,318.00,319.50,-5.00,"1,903","12,274",-562
Sep01,010710,325.50,327.75,324.75,325.75,+2.00,"2,483","15,903",-656
Sep02,020718,375.50,377.00,371.75,372.50,-3.00,"3,233","12,837",+187
Sep02,020705,344.00,353.00,342.00,352.25,+7.75,"3,387","13,416",+184
Sep02,020716,369.00,378.75,368.00,377.50,+14.00,"3,169","13,144",+970
Sep02,020726,381.00,381.75,376.25,377.25,-3.50,"2,490","13,171",-787
Sep02,020724,375.50,383.00,375.50,382.25,+6.50,"2,323","13,036",+49
Sep02,020731,371.00,379.00,371.00,376.25,+7.75,"3,027","12,472",-566
Sep02,020710,345.00,353.50,343.50,353.00,+5.50,"4,192","12,474",-457
Sep02,020701,333.00,340.00,333.00,339.25,+8.50,"6,029","12,091",+987
Sep02,020703,339.00,347.00,338.25,344.50,+3.50,"4,689","13,232",+216
Sep02,020715,358.00,364.00,358.00,363.50,+9.25,"3,252","12,174",-177
Sep02,020717,372.00,377.50,371.50,375.50,-2.00,"4,079","12,650",-494
Sep02,020729,372.00,373.00,368.00,368.25,-9.00,"2,045","12,830",-341
Sep02,020730,368.00,369.75,363.50,368.50,+0.25,"2,307","13,038",+208
Sep02,020703,339.00,347.00,338.25,344.50,+3.50,"4,689","13,232",+216
Sep02,020708,348.00,350.00,344.00,344.00,-8.25,"2,218","13,831",+415
Sep02,020712,356.00,356.50,351.75,354.25,-2.75,"3,890","12,351",-190
Sep02,020723,377.50,383.00,374.25,375.75,-5.00,"3,131","12,987",+442
Sep02,020719,371.00,371.75,363.00,371.50,-1.00,"2,727","13,277",+440
Sep02,020722,375.50,383.25,374.00,380.75,+9.25,"4,215","12,545",-732
Sep02,020711,355.50,359.50,352.00,357.00,+4.00,"2,791","12,541",+67
Sep02,020702,338.00,345.00,338.00,341.00,+1.75,"4,289","13,016",+925
Sep02,020725,380.00,381.00,377.75,380.75,-1.50,"1,895","13,958",+922
Sep02,020709,347.00,352.00,346.50,347.50,+3.50,"2,510","12,931",-900
Sep03,030730,362.50,364.50,356.00,358.25,-7.25,"2,358","9,637",-3
Sep03,030707,334.00,336.00,331.00,331.75,-3.50,"1,111","10,067",+35
Sep03,030731,358.50,367.00,356.25,366.50,+8.25,"2,354","10,123",+486
Sep03,030716,336.00,340.50,336.00,340.00,+3.25,"1,145","9,375",+182
Sep03,030723,350.50,358.75,350.50,357.75,+8.00,"2,288","9,391",-106
Sep03,030701,335.75,336.00,331.00,334.25,-2.50,"2,996","10,303",+755
Sep03,030717,343.00,353.00,343.00,347.75,+7.75,"1,751","9,660",+285
Sep03,030711,332.00,337.50,332.00,336.00,+2.25,"1,770","9,735",-72
Sep03,030708,331.50,332.25,330.50,330.75,-1.00,"1,845","9,805",-262
Sep03,030702,333.00,335.50,331.75,335.25,+1.00,"2,302","10,063",-240
Sep03,030715,336.00,338.00,336.00,336.75,unch,"2,056","9,193",-266
Sep03,030725,356.00,358.50,355.00,355.50,-2.75,"4,565","9,452",+56
Sep03,030729,365.00,368.50,363.50,365.50,+2.50,"2,361","9,640",-88
Sep03,030724,356.00,366.50,356.00,358.25,+0.50,"2,128","9,396",+5
Sep03,030718,348.50,356.00,348.25,353.50,+5.75,"3,234","9,782",+122
Sep03,030703,334.50,336.00,333.50,335.25,unch,"1,227","10,032",-31
Sep03,030728,357.00,364.00,357.00,363.00,+7.50,"1,462","9,728",+276
Sep03,030722,353.50,355.00,349.00,349.75,-4.00,"1,345","9,497",-613
Sep03,030710,335.25,335.25,333.50,333.75,-2.25,"2,433","9,807",-141
Sep03,030721,351.50,359.00,351.50,353.75,+0.25,"2,148","10,110",+328
Sep03,030709,331.00,336.75,331.00,336.00,+5.25,"1,429","9,948",+143
Sep03,030714,335.50,339.00,335.00,336.75,+0.75,"2,069","9,459",-276
Sep04,040722,374.50,375.50,373.50,373.50,-2.00,"2,725","14,425",+536
Sep04,040728,370.00,370.25,361.00,361.00,-9.00,"2,457","13,794",+278
Sep04,040709,389.00,391.00,387.50,387.50,-2.25,"1,576","12,286",+668
Sep04,040715,389.00,390.00,381.00,381.75,-8.25,"2,434","13,640",+298
Sep04,040727,372.00,373.00,369.75,370.00,-2.75,"1,941","13,516",-46
Sep04,040706,385.00,391.50,384.50,390.50,+2.50,"1,834","13,548",+29
Sep04,040726,375.00,375.00,372.00,372.75,-4.25,"1,815","13,562",-688
Sep04,040713,391.00,391.00,385.50,386.75,-4.00,"2,774","13,212",+533
Sep04,040712,385.50,392.00,384.00,390.75,+3.25,"1,895","12,679",+393
Sep04,040721,378.50,379.00,374.00,375.50,-4.00,"2,450","13,889",+159
Sep04,040716,381.00,385.00,381.00,382.25,+0.50,"2,938","14,124",+484
Sep04,040714,386.00,392.50,385.75,390.00,+3.25,"1,596","13,342",+130
Sep04,040723,375.00,379.00,375.00,377.00,+3.50,"1,708","14,250",-175
Sep04,040701,389.00,390.50,385.00,386.75,-1.75,"7,424","13,155",+362
Sep04,040730,355.50,355.75,349.00,349.50,-8.25,"3,361","13,810",-267
Sep04,040702,387.00,389.00,385.50,388.00,+1.25,"2,265","13,519",+364
Sep04,040720,382.00,382.50,377.50,379.50,-2.50,"1,869","13,730",-255
Sep04,040707,391.50,395.50,391.50,393.25,+2.75,"1,380","13,344",-204
Sep04,040719,381.50,384.00,381.25,382.00,-0.25,"1,892","13,985",-139
Sep04,040729,361.50,363.50,357.50,357.75,-3.25,"4,370","14,077",+283
Sep04,040702,387.00,389.00,385.50,388.00,+1.25,"2,265","13,519",+364
Sep04,040708,393.00,393.00,387.50,389.75,-3.50,"1,936","11,618","-1,726"
Sep05,050714,357.00,362.00,355.00,358.25,+4.00,"2,515","12,615",-153
Sep05,050719,360.50,361.00,350.50,352.75,-9.00,"1,701","12,080",-207
Sep05,050708,356.50,356.50,352.50,353.50,-5.25,"1,281","13,093",+52
Sep05,050711,351.00,354.00,350.00,352.75,-0.75,"1,623","13,117",+24
Sep05,050701,349.00,351.00,347.00,350.50,+3.50,"2,533","13,295",-197
Sep05,050727,345.00,347.50,344.50,347.25,+2.00,"2,991","11,304",+281
Sep05,050715,359.50,361.00,355.00,360.50,+2.25,"3,391","12,605",-10
Sep05,050712,350.00,351.25,345.00,349.50,-3.25,"1,276","12,905",-212
Sep05,050707,350.00,360.00,350.00,358.75,+1.50,"1,588","13,041",-22
Sep05,050729,352.50,352.50,348.50,349.25,-2.25,"2,522","10,982",-111
Sep05,050728,348.50,353.00,348.50,351.50,+4.25,"1,668","11,093",-211
Sep05,050722,347.00,349.00,344.50,345.25,+2.00,"2,809","11,304",+124
Sep05,050713,347.50,356.00,347.00,354.25,+4.75,"1,900","12,768",-137
Sep05,050720,349.50,351.00,345.00,347.25,-5.50,"3,998","11,357",-723
Sep05,050721,345.00,345.00,341.25,343.25,-4.00,"3,183","11,180",-177
Sep05,050726,342.75,349.00,342.75,345.25,+5.00,"1,444","11,023",+203
Sep05,050718,359.00,362.50,354.50,361.75,+1.25,"1,785","12,287",-318
Sep05,050706,361.00,362.50,356.25,357.25,-5.00,"1,461","13,063",+3
Sep05,050705,353.00,365.00,352.50,362.25,+11.75,"1,574","13,060",-235
Sep05,050701,349.00,351.00,347.00,350.50,+3.50,"2,533","13,295",-197
Sep05,050725,343.00,343.00,340.00,340.25,-5.00,"2,596","10,820",-484
Sep06,060720,497.00,509.00,496.00,504.25,+8.75,"5,283","21,252",-462
Sep06,060711,529.00,532.00,528.00,531.50,+10.75,"3,415","21,670",+498
Sep06,060714,508.00,510.00,497.00,508.00,+1.75,"5,533","21,584",-901
Sep06,060706,515.00,524.00,512.00,514.50,+1.75,"4,449","19,853",+373
Sep06,060727,476.00,481.00,472.00,478.00,+2.25,"5,572","19,557",-137
Sep06,060703,501.00,512.00,498.00,507.00,+14.00,"4,007","19,324",-360
Sep06,060728,480.00,483.00,477.00,478.00,unch,"5,572","19,557",+0
Sep06,060705,508.00,522.00,506.00,512.75,+5.75,"2,821","19,480",+156
Sep06,060719,495.00,496.00,484.00,495.50,-4.50,"3,817","21,714",-24
Sep06,060703,501.00,512.00,498.00,507.00,+14.00,"4,007","19,324",-360
Sep06,060731,482.00,487.00,480.00,486.00,+8.00,"2,700","18,644",-913
Sep06,060710,520.00,523.00,517.00,520.75,+10.75,"4,564","21,172",+477
Sep06,060721,504.50,512.00,501.00,504.00,-0.25,"5,283","21,252",+0
Sep06,060718,504.00,504.00,493.00,500.00,-2.25,"3,427","21,738",+536
Sep06,060707,511.00,518.00,509.00,510.00,-4.50,"4,892","20,695",+842
Sep06,060712,534.00,535.00,518.00,524.00,-7.50,"4,756","22,314",+644
Sep06,060726,486.00,486.50,471.00,475.75,-10.75,"5,158","19,694",-603
Sep06,060713,515.00,515.00,494.00,506.25,-17.75,"6,791","22,485",+171
Sep06,060717,513.00,514.00,498.50,502.25,-5.75,"4,225","21,202",-382
Sep06,060724,500.00,502.00,495.00,498.25,-5.75,"4,450","20,282",-970
Sep06,060725,501.00,502.50,481.00,486.50,-11.75,"2,907","20,297",+15
Sep07,070730,644.50,644.50,627.00,633.25,-12.25,"3,760","22,384",-385
Sep07,070705,612.00,617.00,608.00,615.00,+12.75,"2,830","21,982",+26
Sep07,070726,650.00,659.00,638.50,646.00,+9.00,"3,285","22,897",-129
Sep07,070720,622.00,629.00,618.00,620.00,+0.50,"3,312","22,357",+400
Sep07,070703,602.00,608.00,595.00,602.25,-2.75,"4,291","21,956",-631
Sep07,070717,618.00,623.00,606.00,607.00,-6.25,"2,534","21,982",-58
Sep07,070725,641.00,641.00,634.00,637.00,-6.25,"3,774","23,026",+371
Sep07,070706,616.00,620.00,613.50,619.25,+4.25,"2,704","21,891",-91
Sep07,070712,631.00,634.00,622.00,632.00,+4.00,"3,111","21,896",+455
Sep07,070713,632.00,632.00,626.00,630.00,-2.00,"3,111","21,896",+0
Sep07,070710,614.00,618.00,609.50,609.75,-0.25,"1,762","21,847",+27
Sep07,070723,623.00,625.00,620.00,621.25,+1.25,"2,657","22,512",+155
Sep07,070718,611.00,627.00,610.00,625.00,+18.00,"3,135","21,842",-140
Sep07,070711,613.00,630.00,613.00,628.00,+18.25,"1,843","21,441",-406
Sep07,070702,627.00,628.00,595.00,605.00,-19.25,"3,523","22,587",+65
Sep07,070703,602.00,608.00,595.00,602.25,-2.75,"4,291","21,956",-631
Sep07,070719,630.00,632.00,612.00,619.50,-5.50,"2,580","21,957",+115
Sep07,070731,631.00,633.00,627.00,627.00,-6.25,"2,827","22,109",-275
Sep07,070716,622.00,624.00,608.00,613.25,-16.75,"2,878","22,014",+0
Sep07,070724,635.00,648.00,632.00,643.25,+22.00,"1,627","22,655",+143
Sep07,070709,615.00,619.00,609.00,610.00,-9.25,"1,786","21,820",-71
Sep07,070727,646.00,648.00,642.00,645.50,-0.50,"3,704","22,769",-128
Sep08,080708,884.00,885.00,867.00,882.00,-2.75,"2,336","15,091",+265
Sep08,080717,896.00,898.50,874.25,880.00,-14.00,"2,007","13,937",-466
Sep08,080721,879.00,885.25,870.00,875.00,-13.00,"1,876","13,129",-186
Sep08,080731,868.25,877.25,864.75,870.50,+0.50,"1,294","11,261",-262
Sep08,080702,934.00,939.00,926.00,935.50,-5.50,"1,797","15,772",-464
Sep08,080701,950.00,951.00,936.00,941.00,-9.50,"2,515","16,236",-498
Sep08,080711,881.75,898.00,879.25,896.50,+14.75,"1,256","14,648",-462
Sep08,080707,913.00,913.00,878.00,884.75,-53.25,"2,306","14,826","-1,105"
Sep08,080723,875.00,877.00,853.50,865.00,-10.00,"1,275","12,686",-282
Sep08,080730,874.00,878.75,864.00,870.00,-3.00,"1,318","11,523",-187
Sep08,080714,885.25,887.00,878.25,879.50,-17.00,"1,165","14,606",-42
Sep08,080722,875.25,879.75,869.00,875.00,unch,"1,230","12,968",-161
Sep08,080725,867.50,894.00,865.00,886.00,+16.25,"1,370","12,678",+0
Sep08,080710,883.00,885.00,871.50,881.75,-1.25,"1,663","15,110",-115
Sep08,080715,881.25,891.25,872.50,874.50,-5.00,688,"14,552",-54
Sep08,080718,880.00,891.00,876.75,888.00,+8.00,"1,914","13,315",-622
Sep08,080724,863.00,871.50,860.00,869.75,+4.75,"1,370","12,678",-8
Sep08,080716,874.00,895.25,861.00,894.00,+20.00,"1,594","14,403",-149
Sep08,080728,900.00,904.50,873.00,876.25,-6.00,"2,148","11,546","-1,132"
Sep08,080729,878.75,878.75,860.50,873.00,-3.50,"1,666","11,710",+164
Sep08,080709,882.00,884.00,872.00,883.00,+1.00,"1,498","15,225",+134
Sep08,080703,936.00,938.00,925.00,938.00,+2.50,"2,900","15,931",+159
Sep08,080703,930.00,938.00,926.00,938.00,+2.50,"2,900","15,931",+159
Sep09,090724,599.75,604.25,590.00,591.50,-8.50,"2,807","10,203",-29
Sep09,090729,600.00,600.25,592.00,598.25,-2.25,952,"9,702",-144
Sep09,090709,605.25,614.00,604.00,607.50,+3.00,"1,574","12,461",-128
Sep09,090723,598.00,609.75,598.00,600.00,+2.00,"2,610","10,232",-275
Sep09,090720,616.00,624.00,608.00,613.25,-3.00,"1,953","10,554",-696
Sep09,090727,592.00,599.00,590.00,597.50,+6.00,"2,182","10,082",-121
Sep09,090731,599.00,611.50,596.00,605.00,+5.50,"1,490","9,436",-268
Sep09,090717,615.00,624.25,612.50,616.25,+1.25,"1,963","11,250",-299
Sep09,090716,619.00,626.75,612.50,615.00,-4.00,"1,694","11,549",-477
Sep09,090730,597.75,608.75,597.75,599.50,+1.25,"1,006","9,704",+2
Sep09,090702,633.50,635.50,618.25,622.50,-11.00,"2,710","12,707",-821
Sep09,090701,636.50,641.75,628.00,633.50,-0.25,"2,400","12,969",+210
Sep09,090722,600.00,601.75,588.00,598.00,-2.25,"1,382","10,507",-272
Sep09,090721,613.00,615.00,600.00,600.25,-13.00,"1,330","10,779",+225
Sep09,090710,607.50,608.75,600.75,602.75,-4.75,"1,790","12,165",-296
Sep09,090713,603.00,622.75,598.25,621.25,+18.50,"1,461","12,068",-97
Sep09,090714,620.75,623.75,610.00,613.50,-7.75,"1,402","11,962",-106
Sep09,090702,633.50,635.50,618.25,622.50,-11.00,"4,461","13,528",+559
Sep09,090708,607.00,613.50,604.00,604.50,-2.25,"1,774","12,589",-23
Sep09,090728,597.00,605.50,595.25,600.50,+3.00,"1,730","9,846",-236
Sep09,090706,621.50,625.00,609.50,612.50,-10.00,"2,710","12,707",-821
Sep09,090707,612.25,620.50,605.50,606.75,-5.75,"2,801","12,612",-95
Sep09,090715,613.25,626.50,612.25,619.00,+5.50,"2,288","12,026",+64
Sep10,100719,608.50,621.00,599.25,603.25,-8.25,"7,327","18,642",-408
Sep10,100722,611.00,633.00,610.00,622.75,+9.25,"3,435","18,409",-14
Sep10,100726,626.25,628.00,616.25,622.00,-6.50,"5,905","16,859",-437
Sep10,100716,610.00,613.25,600.25,611.50,-1.00,"4,530","19,050",+580
Sep10,100709,570.75,573.75,557.25,563.00,-11.25,"3,754","17,566",-443
Sep10,100729,641.75,663.25,641.00,658.25,+15.25,"2,247","16,862",+37
Sep10,100706,530.75,549.75,524.75,535.75,+4.75,"4,211","18,471",+9
Sep10,100714,577.00,594.00,576.50,583.25,+4.75,"3,215","18,066",+197
Sep10,100728,625.00,650.00,621.00,643.00,+17.50,"2,273","16,825",-239
Sep10,100713,564.25,581.00,563.75,578.50,+11.50,"3,684","17,869",+68
Sep10,100708,560.00,576.50,558.00,574.25,+12.75,"3,005","18,009",-346
Sep10,100723,621.75,631.75,620.75,628.50,+5.75,"4,416","17,296","-1,113"
Sep10,100702,525.50,535.75,523.25,531.00,+4.50,"6,060","18,462",+109
Sep10,100720,601.75,604.75,596.25,601.75,-1.50,"3,693","18,479",-163
Sep10,100721,600.25,618.75,600.25,613.50,+11.75,"4,038","18,423",-56
Sep10,100712,561.00,571.50,558.75,567.00,+4.00,"5,217","17,801",+235
Sep10,100730,658.00,689.75,658.00,687.75,+29.50,"3,755","16,363",-499
Sep10,100727,621.75,632.75,616.25,625.50,+3.50,"3,991","17,064",+205
Sep10,100701,511.25,528.50,511.25,526.50,+14.25,"6,317","18,353","+1,893"
Sep10,100702,525.50,535.75,523.25,531.00,+4.50,"6,060","18,462",+109
Sep10,100707,534.75,561.75,533.75,561.50,+25.75,"3,247","18,355",-116
Sep10,100715,582.00,613.75,579.75,612.50,+29.25,"2,733","18,470",+404
Sep11,110725,834.50,835.75,818.50,830.75,-7.75,"2,851","20,391",+382
Sep11,110722,832.75,841.00,822.75,838.50,+4.75,"2,859","20,009",-207
Sep11,110705,811.75,836.00,809.50,833.00,+28.50,"4,012","25,827",+600
Sep11,110712,793.00,801.00,770.00,793.00,-1.25,"4,434","24,591",-369
Sep11,110728,851.00,862.00,845.25,846.75,-4.25,"2,450","19,097",-799
Sep11,110706,832.50,837.50,818.00,827.50,-5.50,"2,426","25,359",-468
Sep11,110720,833.00,855.00,833.00,852.75,+19.75,"1,869","20,921",-392
Sep11,110714,821.00,831.00,812.00,829.00,+8.25,"7,849","22,761","-1,823"
Sep11,110729,847.00,851.50,826.75,830.75,-16.00,"3,600","17,653","-1,444"
Sep11,110715,830.00,840.75,821.25,823.75,-5.25,"5,460","21,876",-885
Sep11,110726,831.25,843.00,824.00,839.00,+8.25,"1,392","20,245",-146
Sep11,110707,827.50,828.25,807.75,824.75,-2.75,"2,602","25,422",+63
Sep11,110713,794.50,822.50,784.75,820.75,+27.75,"3,337","24,584",-7
Sep11,110719,824.00,858.75,823.75,833.00,+10.50,"1,601","21,313",-310
Sep11,110711,820.00,821.00,791.00,794.25,-22.75,"2,811","24,960",-234
Sep11,110701,797.75,808.25,785.00,804.50,+9.50,"5,069","25,227","+1,007"
Sep11,110727,837.50,859.75,832.00,851.00,+12.00,"1,864","19,896",-349
Sep11,110718,823.75,829.00,806.00,822.50,-1.25,"2,510","21,623",-253
Sep11,110701,797.75,808.25,785.00,804.50,+9.50,"5,069","25,227","+1,007"
Sep11,110708,824.50,830.00,808.00,817.00,-7.75,"2,124","25,194",-228
Sep11,110721,851.75,855.75,826.00,833.75,-19.00,"2,234","20,216",-705
Sep12,120720,1022.00,1035.00,1010.25,1031.50,+9.50,"2,282","17,218",+461
Sep12,120713,942.00,959.00,939.00,949.50,+7.50,"2,118","16,810",+188
Sep12,120727,970.00,989.25,964.00,972.00,+4.25,"3,003","17,071",-212
Sep12,120725,968.00,1000.00,958.50,989.00,+21.00,"1,849","17,112",-32
Sep12,120703,865.00,899.50,864.00,897.50,+34.75,"2,484","15,533",+0
Sep12,120712,919.00,950.00,918.00,942.00,+22.00,"1,922","16,622",+330
Sep12,120719,998.00,1030.25,993.00,1022.00,+24.00,"3,644","16,470",-364
Sep12,120726,989.00,992.00,964.00,967.75,-21.25,"3,391","17,283",+171
Sep12,120710,927.00,929.50,906.00,918.00,-8.75,"2,469","15,882",+86
Sep12,120711,917.75,939.00,903.00,920.00,+2.00,"1,728","16,292",+410
Sep12,120724,1005.50,1007.50,945.50,968.00,-37.50,"2,717","17,144",-74
Sep12,120718,986.25,1001.75,970.75,998.00,+12.25,"2,441","16,834",+46
Sep12,120717,986.00,1004.50,977.00,985.75,+2.75,"2,068","16,788",+100
Sep12,120706,932.25,933.00,901.50,905.50,-25.25,"2,365","15,593",+135
Sep12,120705,905.50,931.50,905.50,930.75,+33.25,"1,392","15,458",-75
Sep12,120723,1031.75,1035.00,1004.00,1005.50,-26.00,"2,282","17,218",+461
Sep12,120716,953.50,989.50,953.50,983.00,+33.50,"3,340","16,688",-122
Sep12,120703,865.00,899.50,864.00,897.50,+34.75,"2,484","15,533",+0
Sep12,120702,847.75,864.00,844.75,862.75,+18.25,"2,381","15,456",-180
Sep12,120709,912.00,936.75,912.00,926.75,+21.25,"3,242","15,796",+203
Sep12,120731,975.00,980.00,951.00,953.75,-23.00,"3,734","16,827",-251
Sep12,120730,975.00,987.50,974.50,976.75,+4.75,"2,423","17,078",+7
Sep13,130723,746.75,747.75,744.00,744.00,-2.75,"3,412","19,903",-412
Sep13,130705,773.50,774.75,762.00,763.50,-6.75,"2,706","19,316",-65
Sep13,130709,760.25,773.75,760.25,768.75,+7.75,"2,103","19,377",+308
Sep13,130724,745.00,752.00,743.00,743.50,-0.50,"2,037","19,958",+55
Sep13,130730,733.25,744.25,733.25,737.25,+3.00,"2,680","18,582",-109
Sep13,130719,750.25,757.00,750.00,750.50,+0.25,"4,158","20,995",-109
Sep13,130703,770.00,778.50,770.00,770.25,-0.50,"2,359","19,381",+10
Sep13,130715,765.50,765.50,754.50,755.00,-11.50,"2,445","19,799",+19
Sep13,130726,737.75,744.25,735.50,736.50,-1.25,"2,682","18,982",-987
Sep13,130708,764.00,770.75,760.25,761.00,-2.50,"2,340","19,069",-247
Sep13,130716,755.00,764.50,755.00,759.00,+4.00,"2,723","20,806","+1,007"
Sep13,130718,755.00,758.25,750.00,750.25,-5.00,"2,980","21,104",+108
Sep13,130710,768.00,773.00,761.00,768.75,unch,"2,723","19,312",-65
Sep13,130722,750.00,754.00,746.25,746.75,-3.75,"3,583","20,315",-680
Sep13,130717,760.75,763.00,755.00,755.25,-3.75,"2,567","20,996",+190
Sep13,130701,775.00,779.00,770.00,771.50,-3.50,"3,070","18,795",+376
Sep13,130703,770.00,778.50,770.00,770.25,-0.50,"2,359","19,381",+10
Sep13,130731,736.50,744.00,735.00,741.25,+4.00,"2,253","18,398",-184
Sep13,130712,765.00,776.25,764.00,766.50,-0.75,"2,554","19,780",+183
Sep13,130729,736.50,740.50,734.00,734.25,-2.25,"3,626","18,691",-291
Sep13,130725,745.00,747.50,737.00,737.75,-5.75,"2,702","19,969",+11
Sep13,130711,767.75,778.00,765.00,767.25,-1.50,"2,474","19,597",+285
Sep13,130702,771.00,780.25,770.00,770.75,-0.75,"3,499","19,371",+576
Sep99,990818,333.50,337.25,333.25,334.50,-1.00,"1,971","9,077",-35
Sep99,990823,331.50,333.25,330.75,332.75,-1.00,"1,809","6,269",-304
Sep99,990813,326.00,334.25,326.00,332.75,+6.25,"2,567","9,278",-45
Sep99,990817,340.00,340.50,334.50,335.50,unch,"1,789","9,112",+59
Sep99,990804,328.00,335.00,327.00,334.50,+4.25,"4,048","11,649",-305
Sep99,990802,334.00,345.00,334.00,343.50,+16.25,"3,162","11,943",+251
Sep99,990827,327.00,328.00,323.50,325.00,-1.75,"2,773","3,757",-266
Sep99,990826,326.00,328.75,325.00,326.75,+0.25,"2,604","4,023","-1,326"
Sep99,990819,335.50,338.00,333.50,336.00,+1.50,"2,855","8,687",-390
Sep99,990812,332.00,335.00,326.00,326.50,-10.75,"2,259","9,323",-291
Sep99,990825,327.00,327.75,324.50,326.50,-1.50,"2,558","5,349",-561
Sep99,990809,337.00,343.50,335.50,342.25,+2.75,"2,762","9,586",-755
Sep99,990811,341.50,341.75,336.50,337.25,-5.25,"3,074","9,614",+301
Sep99,990830,325.00,325.00,320.50,321.00,-4.00,"3,215","2,854",-903
Sep99,990810,343.00,347.00,342.25,342.50,+0.25,"2,543","9,313",-273
Sep99,990805,333.00,339.75,331.25,338.50,+4.00,"2,381","11,156",-493
Sep99,990806,337.00,345.00,336.50,339.50,+1.00,"4,468","10,341",-815
Sep99,990816,336.00,336.75,334.00,335.50,+2.75,"1,605","9,053",-225
Sep99,990820,336.00,336.50,333.25,333.75,-2.25,"3,395","6,573","-2,114"
Sep99,990824,333.75,333.75,327.00,328.00,-4.75,"2,187","5,910",-359
Sep99,990831,321.75,326.00,321.50,326.00,+5.00,"2,613","2,037",-817
Sep00,000825,296.00,300.00,295.00,297.25,+3.25,"1,244","7,273",-491
Sep00,000822,296.00,296.75,294.00,294.50,-0.50,"2,224","8,969",-538
Sep00,000804,295.25,297.00,294.00,294.00,-2.00,"1,422","9,997",-380
Sep00,000828,299.00,302.00,298.50,300.25,+3.00,"2,756","6,829",-444
Sep00,000802,298.50,299.00,298.00,298.00,+1.00,"1,815","9,969",+102
Sep00,000817,295.50,297.50,293.00,294.25,-0.50,"3,316","10,145",-35
Sep00,000830,303.50,304.50,299.00,299.00,-5.25,"2,535","3,227","-1,647"
Sep00,000811,286.50,289.25,286.50,287.50,-1.25,"1,857","10,260",+167
Sep00,000814,287.00,289.75,286.50,288.25,+0.75,"1,563","10,085",-175
Sep00,000818,293.00,296.00,293.00,295.25,+1.00,"2,970","9,630",-515
Sep00,000823,293.00,294.50,293.00,293.50,-1.00,"2,308","8,690",-279
Sep00,000824,293.50,295.00,292.50,294.00,+0.50,"1,236","7,764",-926
Sep00,000829,300.50,305.00,300.50,304.25,+4.00,"2,914","4,874","-1,955"
Sep00,000821,294.50,297.25,293.50,295.00,-0.25,"3,132","9,507",-123
Sep00,000816,291.50,295.50,291.00,294.75,+4.50,"2,319","10,180",-189
Sep00,000803,297.00,297.50,295.50,296.00,-2.00,"2,569","10,377",+408
Sep00,000808,292.00,293.75,290.50,293.25,+2.00,"1,256","10,303",-97
Sep00,000831,299.00,302.00,298.25,302.00,+3.00,"3,905","1,832","-1,395"
Sep00,000810,291.00,291.50,288.50,288.75,-1.75,"1,903","10,093",-222
Sep00,000815,288.00,291.00,287.75,290.25,+2.00,"1,980","10,369",+284
Sep00,000809,292.00,293.00,290.00,290.50,-2.75,"1,940","10,315",+12
Sep00,000807,293.50,294.75,291.00,291.25,-2.75,"2,810","10,400",+403
Sep00,000801,299.00,300.50,296.00,297.00,-0.75,"1,342","9,867",-161
Sep01,010816,306.00,308.50,303.50,306.25,+1.00,"2,069","12,090",-53
Sep01,010828,315.50,316.00,310.50,312.00,-2.00,"2,200","6,859",+26
Sep01,010814,306.00,307.25,304.50,305.00,-3.00,"1,697","12,401",-411
Sep01,010801,319.00,320.00,316.00,316.00,-3.75,"2,698","12,284",+328
Sep01,010827,312.00,314.25,311.00,314.00,+0.75,"4,195","6,833","-1,033"
Sep01,010831,311.00,313.00,311.00,311.50,+0.75,"5,840","2,786","-1,172"
Sep01,010813,307.50,308.50,306.25,308.00,-0.25,"1,936","12,812",-289
Sep01,010821,304.50,307.00,304.25,306.00,+2.50,"2,082","10,463",-392
Sep01,010808,310.25,311.50,308.50,308.50,-3.00,"1,735","12,106",+76
Sep01,010802,317.00,317.25,311.50,312.75,-3.25,"1,639","12,119",-165
Sep01,010810,309.50,312.00,307.50,308.25,-0.25,"1,760","13,101",+520
Sep01,010822,305.50,307.00,305.00,306.00,unch,"2,243","9,635",-828
Sep01,010830,314.50,316.00,310.50,310.75,-4.75,"3,841","3,958","-1,180"
Sep01,010803,312.50,312.50,310.00,311.25,-1.50,"2,412","12,333",+214
Sep01,010823,306.00,311.00,304.50,310.75,+4.75,"2,677","8,994",-641
Sep01,010806,311.00,313.00,310.25,311.00,-0.25,"1,364","12,149",-184
Sep01,010820,302.50,304.00,302.50,303.50,-1.75,"2,641","10,855",-778
Sep01,010817,305.50,307.75,304.00,305.25,-1.00,"2,931","11,633",-457
Sep01,010829,310.50,316.00,310.50,315.50,+3.50,"2,720","5,138","-1,721"
Sep01,010824,309.75,316.50,309.00,313.25,+2.50,"3,048","7,866","-1,128"
Sep01,010815,305.00,305.75,301.00,305.25,+0.25,"2,607","12,143",-258
Sep01,010807,312.50,314.00,311.50,311.50,+0.50,"1,393","12,030",-119
Sep01,010809,308.50,310.00,308.25,308.50,unch,"2,081","12,581",+475
Sep02,020826,412.00,422.00,411.75,421.25,+11.50,"2,783","6,801",-451
Sep02,020828,427.50,437.00,427.50,432.50,+5.25,"3,898","4,162",-766
Sep02,020821,401.00,402.25,393.00,396.50,-2.50,"1,999","8,198",-388
Sep02,020801,379.00,386.25,376.00,380.00,+3.75,"4,097","12,232",-240
Sep02,020822,395.00,401.00,391.00,400.50,+4.00,"1,714","7,626",-572
Sep02,020830,433.00,437.75,430.50,435.00,-2.75,"1,685","1,710","-1,063"
Sep02,020829,435.00,441.00,432.50,437.75,+5.25,"3,297","2,773","-1,389"
Sep02,020809,386.00,394.00,385.25,393.00,+7.25,"3,047","11,271",-190
Sep02,020807,380.00,387.50,379.50,387.00,+6.00,"2,934","11,714",-197
Sep02,020812,405.00,410.00,400.50,406.75,+13.75,"2,116","11,417",+146
Sep02,020819,402.00,407.50,399.50,404.50,-1.00,"2,151","8,893",-916
Sep02,020814,413.00,416.00,410.00,411.25,-1.50,"3,201","11,544",+19
Sep02,020816,407.00,408.00,402.50,405.50,-4.00,"2,871","9,809",-365
Sep02,020815,412.00,415.00,405.25,409.50,-1.75,"3,833","10,174","-1,370"
Sep02,020823,404.00,410.00,404.00,409.75,+9.25,"2,020","7,252",-374
Sep02,020802,380.00,383.50,378.75,382.00,+2.00,"3,314","12,088",-144
Sep02,020805,375.00,380.00,375.00,379.00,-3.00,"2,331","12,106",+18
Sep02,020813,406.00,414.00,403.00,412.75,+6.00,"2,972","11,525",+108
Sep02,020808,388.50,394.00,385.00,385.75,-1.25,"2,461","11,461",-253
Sep02,020820,403.00,404.50,398.00,399.00,-5.50,"1,895","8,586",-307
Sep02,020827,419.00,430.00,416.25,427.25,+6.00,"2,716","4,928","-1,873"
Sep02,020806,379.00,383.00,377.50,381.00,+2.00,"1,683","11,911",-195
Sep03,030825,381.00,381.25,375.00,376.75,-4.50,"2,043","7,574",-939
Sep03,030811,367.50,373.50,367.50,371.75,+3.25,"2,010","9,568",-99
Sep03,030804,368.00,370.00,367.00,369.50,-0.75,"2,416","9,857",-118
Sep03,030807,372.50,374.50,369.75,371.50,-1.25,"3,292","9,932",-68
Sep03,030821,389.00,391.00,380.00,384.25,-2.75,"2,703","8,836",-123
Sep03,030806,364.00,373.00,362.00,372.75,+9.50,"1,506","10,000",-110
Sep03,030819,395.00,396.50,384.50,385.00,-16.00,"3,329","8,959",-231
Sep03,030827,373.00,373.00,369.50,371.75,-2.25,"3,536","3,435","-2,563"
Sep03,030812,375.00,380.00,375.00,375.50,+3.75,"2,185","9,303",-265
Sep03,030801,366.50,370.75,366.00,370.25,+3.75,"3,091","9,975",-148
Sep03,030820,385.00,391.75,385.00,387.00,+2.00,"3,191","8,908",-51
Sep03,030814,380.00,388.00,380.00,387.25,+9.00,"2,444","8,840",-15
Sep03,030808,371.00,372.25,368.00,368.50,-3.00,"2,091","9,667",-265
Sep03,030826,380.00,382.25,374.00,374.00,-2.75,"2,043","7,574",+0
Sep03,030822,385.00,386.00,381.00,381.25,-3.00,"3,143","8,513",-323
Sep03,030829,361.00,370.25,361.00,370.00,+10.00,"3,968","1,302","-1,392"
Sep03,030818,399.00,406.50,399.00,401.00,+5.00,"3,044","9,190",+367
Sep03,030828,373.50,374.50,360.00,360.00,-11.75,"2,975","2,694",-741
Sep03,030815,388.00,397.00,386.50,396.00,+8.75,"4,071","8,823",-17
Sep03,030813,376.00,379.50,375.50,378.25,+2.75,"1,909","8,855",-448
Sep03,030805,371.00,371.50,362.00,363.25,-6.25,"1,695","10,110",+253
Sep04,040811,345.50,347.00,335.00,336.50,-9.25,"4,332","13,295","-1,033"
Sep04,040810,350.00,350.50,345.75,345.75,-5.75,"1,057","14,328",+953
Sep04,040806,356.00,358.00,352.50,353.50,-3.50,"2,651","13,893",+588
Sep04,040805,354.50,357.00,354.25,357.00,+2.50,"2,396","13,305",-405
Sep04,040826,351.00,351.50,348.00,349.75,unch,"3,084","7,889","-2,046"
Sep04,040819,335.00,345.00,335.00,340.75,+6.75,"2,538","13,519",-752
Sep04,040827,350.00,351.00,341.50,344.50,-5.25,"2,088","6,142","-1,747"
Sep04,040804,355.00,356.50,352.00,354.50,+1.50,"2,576","13,710",+147
Sep04,040813,331.50,335.00,331.00,331.25,+0.25,"4,045","13,916",-361
Sep04,040823,344.00,364.00,344.00,360.25,+15.00,"4,018","12,714",+116
Sep04,040812,331.50,333.50,327.00,331.00,-5.50,"6,281","14,277",+982
Sep04,040809,353.00,354.00,351.00,351.50,-2.00,"2,228","13,375",-518
Sep04,040802,350.00,353.00,348.00,352.75,+3.25,"3,685","14,033",+223
Sep04,040831,343.00,349.00,342.75,348.25,+5.50,"6,371","1,393","-2,084"
Sep04,040825,347.50,353.75,344.50,349.75,+2.75,"5,554","9,935",-6
Sep04,040820,340.50,346.50,340.50,345.25,+4.50,"5,231","12,598",-921
Sep04,040830,345.50,348.00,341.50,342.75,-1.75,"3,830","3,477","-2,665"
Sep04,040803,353.00,354.25,349.50,353.00,+0.25,"2,532","13,563",-470
Sep04,040817,336.50,340.00,335.50,338.00,+4.00,"3,206","14,792",+759
Sep04,040816,329.00,336.00,328.00,334.00,+2.75,"2,595","14,033",+117
Sep04,040824,358.50,358.50,347.00,347.00,-13.25,"10,651","9,941","-2,773"
Sep04,040818,337.00,337.00,333.00,334.00,-4.00,"1,855","14,271",-521
Sep05,050829,359.00,360.00,356.00,356.00,-1.00,"1,488","5,030","-1,020"
Sep05,050804,349.00,350.25,348.00,350.25,+0.25,"2,301","11,379",+290
Sep05,050803,353.00,353.50,349.00,350.00,-3.00,"1,520","11,089",-85
Sep05,050805,349.00,349.25,343.50,345.50,-4.75,"1,972","10,775",-604
Sep05,050819,342.50,350.00,340.00,347.00,+4.50,"1,725","9,479",+48
Sep05,050810,336.50,337.25,333.25,336.25,-1.00,"3,740","11,256",+290
Sep05,050830,357.00,359.00,353.00,357.00,+1.00,"1,696","4,019","-1,011"
Sep05,050817,336.00,339.00,334.00,338.25,+3.00,"3,767","9,643",-479
Sep05,050812,337.50,346.00,337.50,339.00,-0.50,"3,813","11,279",-398
Sep05,050831,355.00,357.00,350.50,351.50,-5.50,"2,675","3,118",-901
Sep05,050824,350.00,356.00,348.50,354.00,+4.00,"3,523","8,963",-714
Sep05,050825,354.00,357.50,345.00,347.00,-7.00,"4,459","7,744","-1,219"
Sep05,050818,340.00,343.50,340.00,342.50,+4.25,"2,154","9,431",-212
Sep05,050811,337.00,342.50,336.50,339.50,+3.25,"4,998","11,677",+421
Sep05,050822,348.00,348.00,344.00,345.25,-1.75,"4,153","9,496",+17
Sep05,050801,348.50,355.00,348.50,350.00,+0.75,"2,681","11,032",+50
Sep05,050815,337.50,340.75,337.00,339.75,+0.75,"2,883","11,343",+64
Sep05,050826,353.00,358.00,349.00,357.00,+10.00,"4,361","6,050","-1,694"
Sep05,050808,347.00,348.25,344.00,344.25,-1.25,"2,180","10,966",+191
Sep05,050809,342.00,343.00,336.50,337.25,-7.00,"2,180","10,966",+0
Sep05,050802,351.00,354.00,350.00,353.00,+3.00,"2,462","11,174",+142
Sep05,050816,341.50,345.00,334.00,335.25,-4.50,"2,210","10,122","-1,221"
Sep05,050823,345.50,350.50,345.50,350.00,+4.75,"1,665","9,677",+181
Sep06,060809,471.00,473.00,469.00,472.00,+0.75,"2,622","14,882",-511
Sep06,060810,471.50,472.50,468.50,472.25,+0.25,"3,032","14,823",-59
Sep06,060825,446.00,453.50,441.00,445.00,-1.00,"2,371","7,046",-973
Sep06,060801,484.00,485.00,468.00,468.50,-17.50,"3,171","18,508",-136
Sep06,060823,439.50,445.00,436.50,439.75,+1.25,"2,372","9,685",-798
Sep06,060817,452.00,454.00,444.00,446.75,-4.00,"3,298","12,190",+0
Sep06,060831,450.00,456.50,448.00,455.00,+5.25,"4,577","1,288","-1,054"
Sep06,060803,474.00,481.00,472.00,476.00,+3.00,"4,947","16,573","-1,632"
Sep06,060808,479.00,479.00,466.00,471.25,-9.50,"2,658","15,393",+0
Sep06,060804,481.00,485.00,479.50,482.25,+6.25,"2,658","15,393","-1,180"
Sep06,060818,446.00,449.00,437.50,448.50,+1.75,"2,343","11,462",-728
Sep06,060811,465.00,466.00,456.50,457.00,-15.25,"3,335","13,874",-949
Sep06,060821,450.00,451.25,444.00,446.50,-2.00,"2,678","11,442",-20
Sep06,060802,472.00,475.00,465.00,473.00,+4.50,"8,425","18,205",-303
Sep06,060829,451.00,451.00,444.00,447.00,-2.00,"2,603","4,429",-697
Sep06,060816,453.00,458.00,450.50,450.75,-2.50,"3,298","12,190",-924
Sep06,060828,451.00,453.50,448.00,449.00,+4.00,"3,919","5,126","-1,920"
Sep06,060807,480.00,481.75,477.50,480.75,-1.50,"2,658","15,393",+0
Sep06,060830,448.00,453.00,445.00,449.75,+2.75,"5,451","2,342","-2,087"
Sep06,060824,443.00,447.00,441.50,446.00,+6.25,"4,110","8,019","-1,666"
Sep06,060815,451.00,457.00,448.00,453.25,+2.75,"2,967","13,114",-448
Sep06,060822,446.00,447.00,437.00,438.50,-8.00,"1,991","10,483",-959
Sep06,060814,455.00,456.00,444.00,450.50,-6.50,"3,529","13,562",-312
Sep07,070806,640.00,655.50,638.00,653.00,+9.50,"2,168","21,751",-295
Sep07,070810,667.00,675.00,664.00,664.00,-6.00,"4,381","15,804",-779
Sep07,070801,628.00,633.00,621.75,632.25,+5.25,"3,508","21,688",-421
Sep07,070807,656.00,659.00,650.00,657.25,+4.25,"4,198","20,741","-1,010"
Sep07,070813,667.00,668.00,653.00,661.00,-3.00,"3,649","15,305",-499
Sep07,070830,670.00,693.50,668.75,681.25,+14.25,"4,581","2,124","-2,203"
Sep07,070815,679.00,679.00,663.50,663.50,-10.75,"3,048","13,473",-665
Sep07,070820,648.00,649.25,637.50,647.00,-5.25,"3,818","11,765",+0
Sep07,070817,654.50,657.00,648.50,652.25,-2.75,"4,215","11,765","-1,118"
Sep07,070823,663.50,677.00,656.00,670.50,+8.50,"4,224","9,740",-906
Sep07,070808,657.25,672.75,656.75,671.25,+14.00,"4,198","20,741",+0
Sep07,070829,662.75,668.25,657.25,667.00,+4.50,"5,527","4,327","-1,340"
Sep07,070827,668.00,668.00,661.00,663.75,-7.00,"2,502","7,554",-689
Sep07,070828,663.00,666.00,659.50,662.50,-1.25,"3,287","5,667","-1,887"
Sep07,070824,670.00,672.50,666.25,670.75,+0.25,"5,694","8,243","-1,497"
Sep07,070814,661.50,681.00,661.00,674.25,+13.25,"3,649","15,305",+0
Sep07,070803,640.00,645.00,640.00,643.50,+6.75,"2,194","22,046",+265
Sep07,070802,640.00,645.00,636.75,636.75,+4.50,"2,832","21,781",+93
Sep07,070831,693.00,703.00,682.00,692.00,+10.75,"3,281","1,043","-1,081"
Sep07,070821,646.50,657.00,646.50,648.50,+1.50,"2,092","11,653",+0
Sep07,070809,677.00,682.00,668.00,670.00,-1.25,"5,003","16,583","-1,253"
Sep07,070822,656.00,665.00,653.00,662.00,+13.50,"4,376","10,646","-1,298"
Sep07,070816,663.00,665.00,635.25,655.00,-8.50,"4,848","12,883",-590
Sep08,080820,920.50,945.00,920.50,944.50,+25.00,"3,760","7,124","-1,047"
Sep08,080818,915.00,953.50,912.00,927.50,+15.25,"2,586","8,735",-555
Sep08,080813,891.50,951.25,891.50,946.00,+54.75,"3,956","10,524",-324
Sep08,080805,840.00,881.50,832.00,853.25,+11.25,"1,912","12,187",+471
Sep08,080807,850.00,913.75,850.00,903.50,+50.75,"2,323","12,312",-55
Sep08,080812,881.50,898.25,874.75,891.25,+9.50,"1,850","10,848",+172
Sep08,080804,869.25,870.50,836.00,842.00,-32.00,"1,174","11,716",+136
Sep08,080825,939.50,953.00,912.75,914.00,-23.50,"3,258","5,567",-234
Sep08,080811,853.00,899.00,853.00,881.75,+23.75,"2,982","10,676","-1,272"
Sep08,080814,960.00,974.00,931.00,954.50,+8.50,"2,417","9,640",-884
Sep08,080819,928.75,936.00,915.00,919.50,-8.00,"3,705","8,171",-564
Sep08,080826,914.00,915.00,890.00,896.00,-18.00,"2,003","5,484",-83
Sep08,080815,954.50,954.50,910.00,912.25,-42.25,"2,357","9,290",-350
Sep08,080827,899.00,903.00,872.00,876.00,-20.00,"5,939","5,473",-11
Sep08,080806,852.75,861.50,830.00,852.75,-0.50,"2,360","12,367",+180
Sep08,080829,860.00,864.75,855.00,861.00,+5.75,"4,212","1,111","-1,756"
Sep08,080801,866.00,888.00,865.00,874.00,+3.50,"1,314","11,580",+319
Sep08,080828,875.00,875.50,853.75,855.25,-20.75,"5,289","2,867","-2,606"
Sep08,080822,967.00,967.00,936.75,937.50,-30.50,"3,220","5,801","-1,099"
Sep08,080808,905.00,905.50,851.00,858.00,-45.50,"3,021","11,948",-364
Sep08,080821,944.50,993.75,940.50,968.00,+23.50,"2,664","6,900",-224
Sep09,090824,529.25,539.00,529.25,538.00,+6.00,"1,633","5,167",-305
Sep09,090818,537.75,544.75,537.75,540.50,-0.25,876,"6,042",+216
Sep09,090812,568.00,568.00,556.00,563.00,-5.75,"1,330","7,206",-613
Sep09,090821,538.00,543.25,528.00,532.00,-6.75,"1,335","5,472",-205
Sep09,090826,538.00,545.00,536.25,543.25,+7.00,"3,683","3,250",-792
Sep09,090813,563.00,565.00,550.00,550.50,-12.50,"1,110","7,081",-125
Sep09,090811,574.75,580.00,568.00,568.75,-6.25,"1,577","7,819",-648
Sep09,090827,543.00,547.00,533.00,538.75,-4.50,"2,690","2,284",-966
Sep09,090807,578.50,582.75,571.25,573.25,-6.00,"1,175","8,210",-213
Sep09,090820,538.00,540.50,535.25,538.75,+0.25,"1,922","5,677",-159
Sep09,090805,620.00,621.50,600.50,607.00,-13.00,"2,282","8,720",-325
Sep09,090825,535.00,553.25,533.25,536.25,-1.75,"3,159","4,042","-1,125"
Sep09,090817,546.00,546.00,534.00,540.75,-8.50,"1,406","5,826",-631
Sep09,090810,573.00,583.25,572.00,575.00,+1.75,"2,420","8,467",+257
Sep09,090806,606.00,606.00,577.25,579.25,-27.75,"1,267","8,423",-297
Sep09,090828,537.25,539.00,517.00,521.50,-17.25,"1,759","1,532",-752
Sep09,090831,520.50,525.00,507.50,521.25,-0.25,"1,759","1,532",-752
Sep09,090803,605.00,631.50,604.75,624.25,+19.25,"1,803","9,368",-68
Sep09,090819,540.00,548.25,528.00,538.50,-2.00,924,"5,836",-206
Sep09,090804,624.00,624.75,615.50,620.00,-4.25,"2,006","9,045",-323
Sep09,090814,550.00,553.75,540.75,549.25,-1.25,"2,377","6,457",-269
Sep10,100826,690.25,707.50,690.00,700.25,+10.00,"3,858","7,289","-1,170"
Sep10,100831,715.50,718.50,696.00,696.00,-19.00,"4,252","1,805","-2,831"
Sep10,100809,705.00,740.00,688.25,715.25,-7.75,"5,358","13,749",-526
Sep10,100819,684.00,722.00,684.00,706.50,+22.50,"2,198","10,196",-330
Sep10,100813,713.50,730.00,711.75,714.75,-3.00,"3,781","12,154",-166
Sep10,100806,779.75,833.00,723.00,723.00,-60.00,"4,527","15,501",+172
Sep10,100818,680.25,690.00,670.00,684.00,+6.00,"2,547","10,526",-881
Sep10,100810,715.25,726.25,701.00,705.25,-10.00,"5,094","12,873",-876
Sep10,100802,684.75,737.75,684.50,713.25,+25.50,"4,058","16,582",+219
Sep10,100804,695.50,736.75,695.00,732.00,+35.00,"5,041","15,908",-644
Sep10,100824,715.00,716.00,698.25,705.25,-11.00,"2,523","8,947",-461
Sep10,100825,702.00,715.50,687.00,690.25,-15.00,"3,687","8,459",-488
Sep10,100830,715.00,733.00,714.50,715.00,+8.00,"2,839","4,636","-1,746"
Sep10,100823,700.00,718.00,699.00,716.25,+16.25,"1,493","9,408",-131
Sep10,100811,704.00,719.75,693.75,698.75,-6.50,"3,758","12,407",-466
Sep10,100803,709.75,714.00,688.00,697.00,-16.25,"4,322","16,552",-30
Sep10,100816,713.00,720.00,680.00,682.75,-32.00,"3,242","12,056",-98
Sep10,100817,682.75,698.50,677.00,678.00,-4.75,"2,481","11,407",-649
Sep10,100805,729.00,792.00,729.00,783.00,+51.00,"3,518","15,329",-579
Sep10,100812,698.75,738.00,698.00,717.75,+19.00,"3,266","12,320",-87
Sep10,100827,699.50,716.75,699.50,707.00,+6.75,"2,828","6,382",-907
Sep10,100820,706.00,718.75,693.75,700.00,-6.50,"3,000","9,539",-657
Sep11,110802,836.00,857.75,808.75,849.50,+15.25,"1,833","17,572",+139
Sep11,110811,835.75,872.25,834.00,862.50,+25.25,"2,287","14,677",-646
Sep11,110804,841.00,841.25,816.75,823.25,-21.50,"5,947","17,256",-436
Sep11,110824,946.50,948.75,920.00,926.00,-24.25,"1,784","7,166",-880
Sep11,110823,945.00,956.00,943.75,950.25,+7.00,"2,692","8,046",-461
Sep11,110812,863.00,875.00,857.25,861.25,-1.25,"3,174","13,915",-762
Sep11,110818,916.50,916.50,894.25,910.75,-6.00,"4,590","9,997",-817
Sep11,110817,896.00,923.25,893.75,916.75,+20.50,"3,358","10,814","-1,004"
Sep11,110829,955.00,962.25,945.50,948.25,-8.00,"1,335","5,371",-541
Sep11,110826,934.50,961.00,929.25,956.25,+21.50,"2,336","5,912",-488
Sep11,110830,940.00,952.25,933.75,941.00,-7.25,"3,006","3,477","-1,894"
Sep11,110831,943.00,969.50,942.00,967.00,+26.00,"2,867","2,367","-1,110"
Sep11,110815,861.75,879.50,861.75,872.75,+11.50,"1,838","12,377",-355
Sep11,110803,850.00,853.00,834.00,844.75,-4.75,"1,733","17,692",+120
Sep11,110809,802.75,828.00,798.50,816.75,+11.50,"1,488","15,821",+28
Sep11,110810,819.75,840.00,819.00,837.25,+20.50,"1,663","15,323",-498
Sep11,110816,869.50,904.50,869.00,896.25,+23.50,"1,760","11,818",-559
Sep11,110805,822.75,829.75,810.50,827.50,+4.25,"2,307","15,774","-1,482"
Sep11,110825,920.00,941.25,910.50,934.75,+8.75,"1,850","6,400",-766
Sep11,110819,910.00,947.75,905.50,945.25,+34.50,"2,914","9,204",-793
Sep11,110801,826.00,860.00,826.00,834.25,+3.50,"1,901","17,433",-220
Sep11,110822,947.00,969.75,940.75,943.25,-2.00,"2,914","9,204",-793
Sep11,110808,815.75,829.75,800.00,805.25,-22.25,"1,521","15,793",+19
Sep12,120831,937.50,938.00,925.00,931.75,-8.25,"3,082","1,712",-818
Sep12,120822,943.00,944.75,936.50,941.75,-3.00,"2,090","8,982",-555
Sep12,120803,926.50,959.50,923.50,944.50,+18.00,"2,800","16,397",+48
Sep12,120802,938.00,945.00,922.25,926.50,-11.50,"3,237","16,349",+171
Sep12,120820,927.00,935.00,922.50,931.00,+3.50,"1,278","10,447",-243
Sep12,120806,940.00,951.00,930.25,939.00,-5.50,"3,200","15,667",-730
Sep12,120809,945.00,965.75,944.00,959.00,+13.75,"2,191","14,991",-391
Sep12,120815,902.75,915.75,902.75,913.50,+10.75,"2,455","11,962",-351
Sep12,120817,921.75,937.75,919.75,927.50,+6.00,"2,592","10,690",-728
Sep12,120814,912.00,921.50,900.50,902.75,-8.50,"2,794","12,313",-668
Sep12,120829,910.50,941.50,909.75,940.50,+30.50,"2,760","4,335","-1,196"
Sep12,120813,931.00,931.75,908.75,911.25,-24.25,"2,675","12,981",-823
Sep12,120801,954.00,958.75,926.00,938.00,-15.75,"3,526","16,178",-649
Sep12,120823,942.00,945.75,917.50,920.50,-21.25,"2,905","8,313",-669
Sep12,120808,936.25,950.00,924.50,945.25,+9.00,"2,436","15,382",-199
Sep12,120827,920.50,930.75,911.75,912.75,-5.75,"2,405","7,033",-706
Sep12,120824,917.50,927.00,909.50,918.50,-2.00,"1,905","7,739",-574
Sep12,120810,959.00,975.00,931.50,935.50,-23.50,"3,627","13,804","-1,187"
Sep12,120830,937.00,952.75,930.50,940.00,-0.50,"4,113","2,530","-1,805"
Sep12,120816,911.50,933.75,910.25,921.50,+8.00,"2,264","11,418",-544
Sep12,120807,939.00,947.75,930.00,936.25,-2.75,"3,524","15,581",-86
Sep12,120821,930.75,949.00,928.00,944.75,+13.75,"2,377","9,537",-910
Sep12,120828,912.75,918.50,907.50,910.00,-2.75,"3,077","5,531","-1,502"
Sep13,130802,741.25,748.00,740.50,741.25,-0.50,"3,558","17,816",-194
Sep13,130827,729.00,735.00,727.50,729.50,+0.25,"2,415","8,544",-299
Sep13,130805,740.00,742.50,732.50,733.75,-7.50,"3,318","17,889",+73
Sep13,130823,718.00,722.00,715.00,716.25,-3.00,"4,135","10,252",-631
Sep13,130822,728.75,729.00,717.00,719.25,-9.50,"3,501","10,883",-546
Sep13,130829,734.00,734.25,723.25,724.25,-10.00,"5,086","4,924","-1,593"
Sep13,130809,733.25,738.75,730.25,732.00,-1.50,"3,358","16,578",-321
Sep13,130813,733.50,740.00,731.25,732.50,-4.25,"3,073","15,551",-615
Sep13,130826,719.00,740.00,718.75,729.25,+13.00,"4,296","8,843","-1,409"
Sep13,130821,735.00,742.75,727.50,728.75,-6.25,"4,093","11,429",-399
Sep13,130828,729.25,741.25,729.00,734.25,+4.75,"5,241","6,517","-2,027"
Sep13,130830,724.25,725.25,718.00,720.25,-4.00,"3,471","2,886","-2,038"
Sep13,130808,735.50,741.00,733.00,733.50,-2.75,"3,167","16,899",-949
Sep13,130819,737.25,748.50,737.25,745.25,+8.00,"4,541","12,426","-1,084"
Sep13,130820,745.25,746.75,733.50,735.00,-10.25,"1,917","11,828",-598
Sep13,130801,741.00,743.00,737.00,741.75,+0.50,"3,002","18,010",-388
Sep13,130816,738.00,740.00,734.50,737.25,-2.25,"3,097","13,510",-454
Sep13,130812,732.00,746.75,730.25,736.75,+4.75,"2,786","16,166",-412
Sep13,130807,737.50,739.00,732.00,736.25,-3.25,"2,720","17,848",+56
Sep13,130814,731.75,737.50,729.50,736.00,+3.50,"3,816","14,531","-1,020"
Sep13,130806,733.75,742.75,733.75,739.50,+5.75,"3,056","17,792",-97
Sep13,130815,736.00,747.00,736.00,739.50,+3.50,"3,216","13,964",-567
Sep99,990917,321.00,321.00,321.00,321.00,unch,,,
Sep99,990907,346.00,349.50,346.00,349.50,+9.00,11,294,-31
Sep99,990902,335.00,337.00,335.00,336.00,+3.00,567,573,-431
Sep99,990909,338.00,342.00,337.00,337.00,-2.00,38,180,-20
Sep00,990930,372.00,373.00,369.00,369.00,-8.00,1,114,+1
Sep00,990927,375.00,375.00,375.00,375.00,+2.00,18,104,+3
Sep99,990914,334.00,334.00,333.00,333.00,-3.00,6,13,-70
Sep00,990924,371.00,373.00,371.00,373.00,+5.00,0,101,+0
Sep99,990910,338.00,338.00,333.00,333.00,-4.00,92,163,-17
Sep99,990913,339.00,339.00,336.00,336.00,+3.00,86,83,-80
Sep99,990908,345.50,345.50,339.00,339.00,-10.50,237,200,-94
Sep99,990921,314.00,314.00,314.00,314.00,-7.00,,,
Sep99,990901,326.00,333.50,326.00,333.00,+7.00,"1,495","1,004","-1,033"
Sep99,990920,321.00,321.00,321.00,321.00,unch,,,
Sep00,990929,380.00,380.00,377.00,377.00,-2.00,9,113,+9
Sep00,990928,378.00,380.00,378.00,379.00,+4.00,0,104,+0
Sep99,990915,323.00,323.00,323.00,323.00,-10.00,7,7,-6
Sep99,990916,321.00,321.00,321.00,321.00,-2.00,,,
Sep00,990923,368.00,368.00,368.00,368.00,+1.00,0,101,+0
Sep99,990903,339.00,340.50,338.50,340.50,+4.50,310,325,-248
Sep99,990921,314.00,314.00,314.00,314.00,-7.00,,,
Sep01,000929,359.50,359.50,359.50,359.50,+4.00,37,216,+30
Sep00,000908,300.25,301.00,300.25,301.00,+3.00,109,130,-13
Sep00,000912,301.00,301.50,298.00,298.00,-4.00,16,15,-14
Sep00,000906,300.00,300.00,299.00,299.00,-3.50,104,293,+9
Sep00,000901,302.00,303.00,301.00,301.25,-0.75,"1,195",659,"-1,173"
Sep00,000919,296.00,296.00,296.00,296.00,unch,,,
Sep00,000920,296.00,296.00,296.00,296.00,unch,,,
Sep00,000915,296.00,296.00,296.00,296.00,unch,7,0,-7
Sep00,000913,295.00,297.00,295.00,297.00,-1.00,9,9,-6
Sep00,000914,298.00,298.00,296.00,296.00,-1.00,1,7,-2
Sep00,000901,302.00,303.00,301.00,301.25,-0.75,"1,195",659,"-1,173"
Sep01,000926,348.50,348.50,348.50,348.50,+0.50,0,181,+0
Sep00,000920,296.00,296.00,296.00,296.00,unch,,,
Sep00,000907,298.00,298.00,298.00,298.00,-1.00,108,143,-150
Sep01,000922,347.50,347.50,347.50,347.50,+2.50,0,181,+0
Sep01,000928,356.00,356.50,355.00,355.50,+2.75,50,186,+5
Sep00,000918,296.00,296.00,296.00,296.00,unch,,,
Sep01,000925,348.00,348.00,348.00,348.00,+0.50,0,181,+0
Sep00,000911,302.00,302.00,302.00,302.00,+1.00,13,29,-101
Sep01,000927,348.50,353.50,348.50,352.75,+4.25,20,181,+0
Sep00,000905,304.00,304.50,302.50,302.50,+1.25,219,284,-375
Sep01,010919,306.00,306.00,297.00,297.00,-6.00,0,1,+0
Sep01,010906,307.00,307.00,302.00,302.00,-4.75,133,264,-70
Sep01,010910,304.00,305.00,304.00,305.00,+2.50,160,130,-90
Sep01,010914,304.00,304.00,304.00,304.00,-2.00,57,64,-6
Sep02,010927,346.00,346.00,345.00,345.00,-3.50,0,46,+0
Sep02,010926,348.50,348.50,348.50,348.50,unch,0,46,-7
Sep01,010919,306.00,306.00,297.00,297.00,-6.00,0,1,+0
Sep01,010910,304.00,305.00,304.00,305.00,+2.50,160,130,-90
Sep01,010917,303.00,303.00,303.00,303.00,-1.00,57,1,-63
Sep02,010925,348.50,348.50,348.50,348.50,-0.50,0,53,+0
Sep02,010924,349.00,349.00,349.00,349.00,-0.50,0,53,+0
Sep01,010904,311.50,311.50,310.25,311.00,-0.50,"1,258",703,"-2,083"
Sep01,010913,306.00,306.00,306.00,306.00,+1.00,23,70,-60
Sep01,010907,303.00,303.00,302.50,302.50,+0.50,36,220,-44
Sep02,010928,344.00,344.00,342.00,342.00,-3.00,12,51,+5
Sep01,010831,311.00,313.00,311.00,311.50,+0.75,"5,840","2,786","-1,172"
Sep01,010918,303.00,303.00,303.00,303.00,unch,0,1,+0
Sep02,010921,349.50,349.50,349.50,349.50,-1.25,0,53,+0
Sep01,010910,304.00,305.00,304.00,305.00,+2.50,160,130,-90
Sep01,010905,311.00,311.00,306.50,306.75,-4.25,144,334,-369
Sep02,020911,492.50,492.50,492.00,492.00,-3.00,11,12,-28
Sep02,020909,505.00,518.00,505.00,505.00,+17.00,10,41,-20
Sep02,020910,506.00,506.00,495.00,495.00,-10.00,17,40,-1
Sep02,020916,475.00,475.00,475.00,475.00,-1.00,,,
Sep02,020919,482.00,482.00,482.00,482.00,-5.00,3,3,+3
Sep02,020904,435.00,457.00,435.00,457.00,+20.00,916,294,-683
Sep02,020918,479.00,487.00,479.00,487.00,+12.00,,,
Sep02,020912,504.50,504.50,491.00,491.00,-1.00,2,7,-5
Sep03,020925,388.00,392.00,387.00,392.00,-2.00,152,608,+31
Sep03,020926,393.00,394.00,392.00,394.00,+2.00,59,605,-3
Sep03,020924,386.00,394.00,386.00,394.00,+7.00,62,577,+9
Sep03,020930,400.00,405.00,400.00,405.00,+8.00,53,640,+15
Sep02,020905,467.00,468.00,465.00,468.00,+11.00,175,157,-137
Sep03,020923,395.00,395.00,387.00,387.00,-9.00,112,568,+23
Sep02,020913,476.00,476.00,476.00,476.00,-15.00,7,7,+0
Sep03,020927,393.00,397.00,392.00,397.00,+3.00,146,625,+20
Sep02,020830,433.00,437.75,430.50,435.00,-2.75,"1,685","1,710","-1,063"
Sep02,020917,475.00,475.00,475.00,475.00,unch,,,
Sep02,020903,440.00,443.00,434.00,437.00,+2.00,"1,217",977,-733
Sep02,020906,482.00,488.00,481.00,488.00,+20.00,75,61,-96
Sep02,020919,482.00,482.00,482.00,482.00,-5.00,3,3,+3
Sep03,030904,362.00,362.00,358.50,358.50,-8.50,143,538,-40
Sep04,030924,355.00,355.00,354.00,355.00,+3.00,0,118,+0
Sep03,030916,349.00,349.00,349.00,349.00,-4.00,8,0,-8
Sep03,030917,349.00,349.00,349.00,349.00,unch,,,
Sep03,030905,356.50,356.50,350.00,350.00,-8.50,94,75,-463
Sep03,030912,350.50,350.50,350.50,350.50,+1.00,8,12,-7
Sep03,030910,354.00,354.00,353.50,353.50,+2.50,5,19,-20
Sep03,030902,366.50,368.00,364.50,366.00,-4.00,"1,288",697,-605
Sep04,030926,356.00,356.00,356.00,356.00,unch,0,108,+0
Sep03,030911,358.00,358.00,349.50,349.50,-4.00,3,19,+0
Sep03,030915,353.00,357.50,353.00,353.00,+2.50,4,8,-4
Sep03,030903,368.00,368.00,364.50,367.00,+1.00,293,578,-119
Sep04,030929,356.00,356.00,353.50,353.50,-2.50,0,108,+0
Sep03,030922,349.00,349.00,349.00,349.00,unch,,,
Sep04,030925,356.00,356.00,356.00,356.00,+1.00,40,108,-10
Sep04,030930,356.00,356.00,355.50,355.50,+2.00,16,115,+7
Sep04,030923,352.00,352.00,352.00,352.00,-2.00,0,118,+0
Sep03,030829,361.00,370.25,361.00,370.00,+10.00,"3,968","1,302","-1,392"
Sep03,030919,349.00,349.00,349.00,349.00,unch,,,
Sep03,030909,351.00,351.00,351.00,351.00,unch,20,39,+6
Sep03,030908,349.00,351.00,349.00,351.00,+1.00,5,33,-42
Sep03,030918,349.00,349.00,349.00,349.00,unch,,,
Sep04,040901,348.00,358.00,348.00,355.50,+7.25,"1,910",877,-516
Sep05,040928,380.00,380.00,380.00,380.00,-1.75,3,225,+1
Sep04,040903,350.50,352.50,350.25,352.50,unch,433,328,-338
Sep04,040907,347.50,348.50,347.00,348.50,-4.00,433,328,+0
Sep04,040909,356.00,356.00,356.00,356.00,+3.50,10,57,-49
Sep04,040921,370.00,370.00,370.00,370.00,unch,,,
Sep05,040927,380.00,381.75,380.00,381.75,-2.75,87,224,+45
Sep04,040913,385.00,385.00,385.00,385.00,+12.50,22,12,-31
Sep05,040924,384.00,385.25,384.00,384.50,-0.50,5,179,+0
Sep04,040914,380.00,380.00,380.00,380.00,-5.00,7,6,-6
Sep04,040903,350.50,352.50,350.25,352.50,unch,433,328,-338
Sep04,040916,380.00,380.00,380.00,380.00,unch,0,2,+0
Sep05,040923,385.50,386.00,385.00,385.00,-2.00,8,179,+3
Sep04,040908,349.00,352.50,349.00,352.50,+4.00,72,106,-222
Sep05,040930,375.00,375.50,371.50,372.50,-6.50,13,225,+0
Sep04,040910,356.00,372.50,356.00,372.50,+16.50,36,43,-14
Sep04,040915,380.00,380.00,380.00,380.00,unch,4,2,-4
Sep04,040921,370.00,370.00,370.00,370.00,unch,,,
Sep04,040920,370.00,370.00,370.00,370.00,unch,2,0,-2
Sep04,040902,353.00,353.00,351.00,352.50,-3.00,979,666,-211
Sep05,040929,378.00,379.00,376.00,379.00,-1.00,3,225,+0
Sep04,040917,383.00,383.00,370.00,370.00,-10.00,0,2,+0
Sep06,050927,367.00,368.50,367.00,368.00,+1.00,14,136,+5
Sep05,050907,353.50,353.50,348.50,348.50,-4.00,71,535,-59
Sep05,050906,354.00,356.00,352.50,352.50,+1.50,357,594,-277
Sep06,050928,368.00,370.00,368.00,370.00,+2.00,15,143,+7
Sep06,050929,372.00,373.00,372.00,372.00,+2.00,2,143,+0
Sep06,050930,379.00,385.00,379.00,384.00,+12.00,16,147,+4
Sep05,050902,354.00,354.00,351.00,351.00,-3.00,"1,563",871,-952
Sep05,050914,386.00,386.00,385.00,385.00,+8.50,22,47,-11
Sep05,050902,354.00,354.00,351.00,351.00,-3.00,"1,563",871,-952
Sep05,050901,352.50,356.00,351.00,354.00,+2.50,"1,444","1,823","-1,295"
Sep05,050913,365.00,376.50,365.00,376.50,+12.50,79,58,-74
Sep05,050914,386.00,386.00,385.00,385.00,+8.50,22,47,-11
Sep05,050914,386.00,386.00,385.00,385.00,+8.50,22,47,-11
Sep05,050912,360.00,365.00,358.50,364.00,+4.00,379,132,-300
Sep06,050923,374.50,376.00,374.50,376.00,+2.00,5,133,+0
Sep05,050909,364.00,365.75,360.00,360.00,+1.00,167,432,-31
Sep05,050914,386.00,386.00,385.00,385.00,+8.50,22,47,-11
Sep05,050914,386.00,386.00,385.00,385.00,+8.50,22,47,-11
Sep06,050926,371.50,371.50,367.00,367.00,-9.00,6,131,-2
Sep05,050914,386.00,386.00,385.00,385.00,+8.50,22,47,-11
Sep05,050908,353.00,359.00,353.00,359.00,+10.50,114,463,-72
Sep05,050914,386.00,386.00,385.00,385.00,+8.50,22,47,-11
Sep06,060901,453.00,454.00,452.50,453.75,-1.25,738,471,-817
Sep06,060911,445.00,446.00,443.00,444.00,-2.00,9,40,-388
Sep06,060906,454.00,454.00,447.00,447.00,-7.00,109,308,-125
Sep07,060929,479.00,485.00,476.00,484.50,+3.50,200,"2,706",+104
Sep06,060914,433.50,433.50,426.50,426.50,-4.50,16,11,-16
Sep06,060901,453.00,454.00,452.50,453.75,-1.25,738,471,-817
Sep06,060908,448.50,448.50,446.00,446.00,-3.00,434,428,+230
Sep06,060912,444.00,444.00,434.50,434.50,-9.50,11,35,-5
Sep07,060927,477.00,478.00,474.00,475.75,-2.50,71,"2,569",+51
Sep06,060914,433.50,433.50,426.50,426.50,-4.50,16,11,-16
Sep07,060926,470.00,480.00,470.00,478.25,+9.25,12,"2,518",+9
Sep07,060922,475.00,475.00,471.00,474.00,-5.00,122,"2,482",+50
Sep06,060907,444.00,449.00,442.50,449.00,+2.00,126,198,-110
Sep06,060905,460.00,460.00,454.00,454.00,+0.25,222,433,-38
Sep07,060928,476.00,484.00,476.00,481.00,+5.25,43,"2,602",+33
Sep06,060914,433.50,433.50,426.50,426.50,-4.50,16,11,-16
Sep06,060914,433.50,433.50,426.50,426.50,-4.50,16,11,-16
Sep06,060913,436.00,436.00,431.00,431.00,-3.50,25,27,-8
Sep06,060914,433.50,433.50,426.50,426.50,-4.50,16,11,-16
Sep07,060925,466.00,469.00,466.00,469.00,-5.00,123,"2,509",+27
Sep06,060914,433.50,433.50,426.50,426.50,-4.50,16,11,-16
Sep07,070906,766.00,770.00,750.00,760.00,+8.00,215,503,-39
Sep07,070904,722.00,722.00,722.00,722.00,+30.00,977,727,-316
Sep08,070927,670.00,680.25,653.00,680.25,+30.00,109,"1,972",+46
Sep07,070907,758.00,773.00,758.00,771.00,+11.00,48,222,-281
Sep07,070914,790.00,797.00,790.00,797.00,-1.00,12,13,-17
Sep07,070914,790.00,797.00,790.00,797.00,-1.00,12,13,-17
Sep07,070914,796.75,800.00,790.00,797.00,-1.00,13,13,-17
Sep07,070913,800.00,811.00,785.00,798.00,-17.00,17,30,-94
Sep07,070914,796.75,800.00,790.00,797.00,-1.00,13,13,-17
Sep07,070911,801.00,829.00,801.00,829.00,+28.00,137,127,-42
Sep07,070905,752.00,752.00,752.00,752.00,+30.00,461,542,-185
Sep07,070910,794.00,801.00,794.00,801.00,+30.00,48,222,+0
Sep08,070926,640.00,651.00,640.00,650.25,+7.25,196,"1,926",+112
Sep07,070912,847.25,848.00,815.00,815.00,-14.00,58,124,-3
Sep08,070925,635.00,645.00,634.00,643.00,+6.00,81,"1,814",+32
Sep08,070924,629.00,639.00,627.00,637.00,+8.00,183,"1,782",+81
Sep08,070928,680.00,700.00,680.00,696.00,+15.75,257,"2,042",+70
Sep07,070831,703.00,703.00,688.00,692.00,+10.75,"3,115","1,043","-1,081"
Sep07,070914,796.75,800.00,790.00,797.00,-1.00,13,13,-17
Sep08,070921,617.00,629.00,617.00,629.00,+12.00,63,"1,701",+5
Sep08,080912,771.50,771.50,771.50,771.50,-23.50,17,15,-6
Sep08,080903,821.75,835.00,818.00,835.00,+11.00,238,182,-152
Sep09,080930,787.00,792.00,780.00,781.25,+0.25,620,"2,221",+224
Sep08,080909,790.00,790.00,790.00,790.00,-13.00,11,28,-14
Sep09,080925,825.00,834.25,822.75,832.75,+5.75,145,"2,019",-1
Sep08,080910,787.50,792.00,770.75,780.00,-10.00,0,17,-11
Sep08,080829,860.00,864.75,855.00,861.00,+5.75,"4,212","1,111","-1,756"
Sep08,080911,776.75,795.00,776.75,795.00,+15.00,6,21,+4
Sep08,080904,826.50,843.00,826.25,834.00,-1.00,431,271,+89
Sep08,080912,771.50,771.50,771.50,771.50,-23.50,17,15,-6
Sep08,080912,771.50,771.50,771.50,771.50,-23.50,17,15,-6
Sep09,080929,794.75,796.25,780.00,781.00,-34.00,19,"1,997",+7
Sep08,080902,844.00,844.00,821.00,824.00,-37.00,927,334,-777
Sep08,080912,771.50,771.50,771.50,771.50,-23.50,17,15,-6
Sep08,080912,771.50,771.50,771.50,771.50,-23.50,17,15,-6
Sep08,080905,805.75,810.00,798.75,803.00,-31.00,20,54,-217
Sep09,080923,833.00,845.50,829.25,844.00,+9.00,30,"1,990",+7
Sep08,080912,771.50,771.50,771.50,771.50,-23.50,17,15,-6
Sep08,080912,771.50,771.50,771.50,771.50,-23.50,17,15,-6
Sep09,080924,843.50,850.00,820.75,827.00,-17.00,89,"2,020",+30
Sep08,080908,802.00,803.00,797.00,803.00,unch,16,42,-12
Sep09,080926,821.25,825.00,815.00,815.00,-17.75,3,"1,990",-29
Sep09,090902,502.00,502.00,499.00,499.50,-4.50,423,149,-186
Sep09,090914,473.00,473.00,473.00,473.00,-2.50,0,101,+0
Sep09,090904,487.75,488.00,483.50,483.50,-8.25,6,116,+1
Sep09,090904,487.75,488.00,483.50,483.50,-8.25,6,116,+1
Sep09,090914,473.00,473.00,473.00,473.00,-2.50,0,101,+0
Sep09,090914,473.00,473.00,473.00,473.00,-2.50,0,101,+0
Sep10,090925,552.00,557.75,538.25,538.75,-13.25,211,"1,834",+80
Sep09,090911,475.50,475.50,475.50,475.50,+4.25,0,101,+0
Sep10,090923,540.25,548.50,535.75,537.50,-1.25,124,"1,834",+102
Sep09,090914,473.00,473.00,473.00,473.00,-2.50,0,101,+0
Sep10,090930,532.50,545.00,527.50,543.00,+7.50,93,"1,795",-3
Sep09,090908,476.00,476.00,471.50,471.50,-12.00,30,105,-11
Sep10,090929,540.75,542.50,533.75,535.50,-4.00,87,"1,798",-139
Sep09,090914,473.00,473.00,473.00,473.00,-2.50,0,101,+0
Sep09,090914,473.00,473.00,473.00,473.00,-2.50,0,101,+0
Sep09,090903,499.50,500.00,491.75,491.75,-7.75,39,115,-34
Sep09,090909,465.50,474.00,465.50,474.00,+2.50,11,104,-1
Sep09,090914,473.00,473.00,473.00,473.00,-2.50,0,101,+0
Sep09,090901,511.00,511.50,502.00,504.00,-17.25,870,335,-427
Sep10,090924,537.75,554.00,537.75,552.00,+14.50,138,"1,754",-80
Sep09,090910,471.25,471.25,471.25,471.25,-2.75,10,101,-3
Sep10,090928,543.50,544.75,539.00,539.50,+0.75,268,"1,937",+103
Sep11,100927,755.00,760.00,742.00,747.50,-8.25,125,"3,443",+83
Sep10,100914,753.25,753.25,753.25,753.25,-1.75,42,49,+13
Sep10,100902,724.25,726.50,721.00,721.00,+10.25,236,345,-54
Sep11,100930,726.00,726.25,707.50,723.75,-6.50,90,"3,747",+40
Sep10,100913,754.75,755.00,749.50,755.00,+12.25,42,36,-124
Sep10,100908,730.00,736.00,718.50,718.50,-20.50,10,239,-10
Sep10,100910,733.50,752.25,733.00,742.75,unch,18,160,-11
Sep11,100923,741.00,746.25,733.00,740.00,-10.00,163,"3,246",+63
Sep10,100914,753.25,753.25,753.25,753.25,-1.75,42,49,+13
Sep10,100909,722.50,742.75,722.50,742.75,+24.25,88,171,-68
Sep10,100914,753.25,753.25,753.25,753.25,-1.75,42,49,+13
Sep10,100903,718.25,742.00,718.25,742.00,+21.00,72,284,-61
Sep11,100929,720.00,732.75,710.25,730.25,+1.00,318,"3,707",+233
Sep10,100914,753.25,753.25,753.25,753.25,-1.75,42,49,+13
Sep10,100914,753.25,753.25,753.25,753.25,-1.75,42,49,+13
Sep10,100903,718.25,742.00,718.25,742.00,+21.00,72,284,-61
Sep11,100924,738.50,760.00,738.50,755.75,+15.75,172,"3,360",+114
Sep10,100914,753.25,753.25,753.25,753.25,-1.75,42,49,+13
Sep11,100928,743.50,744.00,728.50,729.25,-18.25,49,"3,474",+31
Sep10,100901,717.50,717.50,700.00,710.75,+14.75,"1,135",399,"-1,406"
Sep10,100914,753.25,753.25,753.25,753.25,-1.75,42,49,+13
Sep10,100907,738.75,739.00,738.75,739.00,-3.00,23,249,-35
Sep11,110914,929.00,929.00,929.00,929.00,+2.25,28,4,-25
Sep11,110902,977.75,985.75,975.75,984.25,+13.50,743,571,-944
Sep12,110928,810.00,811.25,798.00,798.00,-17.75,169,"1,938",+28
Sep11,110908,961.00,961.00,949.50,949.50,-14.75,100,293,-106
Sep11,110913,936.00,936.00,926.75,926.75,-12.75,152,29,-152
Sep11,110901,959.00,970.75,954.50,970.75,+3.75,619,"1,515",-852
Sep11,110909,953.00,954.50,945.75,945.75,-3.75,32,272,-21
Sep11,110914,929.00,929.00,929.00,929.00,+2.25,28,4,-25
Sep11,110914,929.00,929.00,929.00,929.00,+2.25,28,4,-25
Sep11,110902,977.75,985.75,975.75,984.25,+13.50,743,571,-944
Sep12,110929,795.00,808.75,790.00,805.50,+7.50,298,"2,065",+127
Sep11,110907,976.50,977.00,964.25,964.25,-6.75,117,399,-98
Sep11,110906,978.25,978.25,965.00,971.00,-13.25,84,497,-74
Sep11,110914,929.00,929.00,929.00,929.00,+2.25,28,4,-25
Sep12,110926,815.50,819.25,796.25,813.50,+4.75,383,"1,981",+89
Sep11,110914,929.00,929.00,929.00,929.00,+2.25,28,4,-25
Sep11,110914,929.00,929.00,929.00,929.00,+2.25,28,4,-25
Sep11,110914,929.00,929.00,929.00,929.00,+2.25,28,4,-25
Sep12,110927,819.75,826.50,810.00,815.75,+2.25,172,"1,910",-71
Sep11,110912,926.25,945.00,926.00,939.50,-6.25,9,181,-91
Sep12,110923,788.75,811.50,788.50,808.75,+24.75,235,"1,892",-34
Sep12,110930,805.25,807.00,786.00,793.75,-11.75,83,"2,090",+25
Sep12,120914,946.25,971.75,946.25,971.75,+32.25,9,20,+0
Sep12,120914,946.25,971.75,946.25,971.75,+32.25,9,20,+0
Sep12,120912,931.50,939.50,924.00,939.50,+13.00,23,20,-7
Sep13,120927,916.00,916.50,901.75,905.50,-10.25,16,"2,592",+1
Sep12,120911,929.25,929.25,926.50,926.50,-0.75,54,27,-14
Sep12,120914,946.25,971.75,946.25,971.75,+32.25,9,20,+0
Sep12,120914,946.25,971.75,946.25,971.75,+32.25,9,20,+0
Sep13,120924,940.00,941.00,929.00,936.00,-4.00,24,"2,586",-5
Sep13,120928,899.50,935.00,899.50,929.75,+24.25,16,"2,587",-5
Sep12,120910,935.00,936.00,927.25,927.25,-13.50,2,41,-2
Sep12,120914,946.25,971.75,946.25,971.75,+32.25,9,20,+0
Sep12,120831,937.50,938.00,925.00,931.75,-8.25,"3,082","1,712",-818
Sep12,120913,939.50,939.50,939.50,939.50,unch,2,20,+0
Sep12,120904,948.00,948.00,913.75,928.75,-3.00,"2,129",523,"-1,189"
Sep13,120921,931.00,944.00,931.00,940.00,+8.75,13,"2,591",+1
Sep13,120925,934.75,936.50,923.50,925.75,-10.25,27,"2,587",+1
Sep13,120926,914.00,915.75,914.00,915.75,-10.00,21,"2,591",+4
Sep12,120906,918.00,929.25,918.00,929.25,+15.75,132,48,-89
Sep12,120907,939.75,940.75,939.75,940.75,+11.50,9,43,-5
Sep12,120905,917.00,917.00,913.50,913.50,-15.25,540,137,-386
Sep13,130904,712.75,717.50,712.75,715.00,+11.25,503,335,-364
Sep14,130924,726.25,735.00,725.75,730.00,+3.00,54,"2,256",+31
Sep13,130911,699.50,705.50,699.50,705.50,+4.50,11,5,-11
Sep13,130913,707.75,707.75,705.25,705.25,-0.25,4,0,-3
Sep14,130926,737.75,745.50,737.00,744.75,+4.75,81,"2,281",+20
Sep13,130909,706.75,706.75,698.75,698.75,-9.00,17,36,-2
Sep14,130925,730.00,742.75,729.50,740.00,+10.00,18,"2,261",+5
Sep14,130927,746.50,752.75,746.50,749.00,+4.25,83,"2,276",-5
Sep13,130903,718.50,718.50,703.25,703.75,-16.50,"2,916",699,"-2,187"
Sep13,130906,701.00,714.00,701.00,707.75,+1.75,101,38,-91
Sep13,130913,707.75,707.75,705.25,705.25,-0.25,4,0,-3
Sep13,130830,724.25,725.25,718.00,720.25,-4.00,"3,471","2,886","-2,038"
Sep13,130913,707.75,707.75,705.25,705.25,-0.25,4,0,-3
Sep14,130930,750.75,755.50,746.50,746.50,-2.50,30,"2,278",+2
Sep13,130910,700.50,702.00,700.50,701.00,+2.25,20,16,-20
Sep13,130912,705.50,705.50,705.50,705.50,unch,3,3,-2
Sep14,130923,728.25,732.50,727.00,727.00,-1.75,73,"2,225",+15
Sep13,130905,712.00,712.00,706.00,706.00,-9.00,75,129,-206
Sep13,130913,707.75,707.75,705.25,705.25,-0.25,4,0,-3
Sep13,130913,707.75,707.75,705.25,705.25,-0.25,4,0,-3
Sep13,130913,707.75,707.75,705.25,705.25,-0.25,4,0,-3
